[23:11:33] [BACKEND] >>> Starting Backend Server with PID 1424 (access at port 8000)...
[23:11:33] [BACKEND] INFO:     Will watch for changes in these directories: ['D:\\Website\\DIGIFORTLABS\\backend']
[23:11:34] [FRONTEND] >>> Starting Frontend Server with PID 16104 (access at port 3000)...
[23:11:35] [SSH] >>> Starting SSH Database Tunnel with PID 15400 to 15.206.86.130...
[23:11:36] [FRONTEND] ▲ Next.js 16.1.6 (Turbopack)
[23:11:36] [FRONTEND] - Local:         http://localhost:3000
[23:11:36] [FRONTEND] - Network:       http://0.0.0.0:3000
[23:11:36] [FRONTEND] ✓ Starting...
[23:11:37] [FRONTEND] ⚠ The "middleware" file convention is deprecated. Please use "proxy" instead. Learn more: https://nextjs.org/docs/messages/middleware-to-proxy
[23:11:37] [FRONTEND] ✓ Ready in 1976ms
[23:11:40] [BACKEND] INFO:     Uvicorn running on http://0.0.0.0:8000 (Press CTRL+C to quit)
[23:11:40] [BACKEND] INFO:     Started reloader process [6972] using StatReload
[23:11:41] [FRONTEND]  GET /login 200 in 3.0s (compile: 2.3s, proxy.ts: 120ms, render: 537ms)
[23:11:41] [FRONTEND]  GET /login 200 in 364ms (compile: 112ms, proxy.ts: 23ms, render: 230ms)
[23:11:48] [BACKEND] INFO:     Started server process [2116]
[23:11:48] [BACKEND] INFO:     Waiting for application startup.
[23:11:49] [BACKEND] INFO:     Application startup complete.
[23:13:24] [FRONTEND] Error: Both middleware file "./src\middleware.ts" and proxy file "./src\proxy.ts" are detected. Please use "./src\proxy.ts" only. Learn more: https://nextjs.org/docs/messages/middleware-to-proxy
[23:13:24] [FRONTEND]     at ignore-listed frames
[23:13:24] [FRONTEND] ⨯ unhandledRejection: Error: Both middleware file "./src\middleware.ts" and proxy file "./src\proxy.ts" are detected. Please use "./src\proxy.ts" only. Learn more: https://nextjs.org/docs/messages/middleware-to-proxy
[23:13:24] [FRONTEND]     at ignore-listed frames
[23:13:24] [FRONTEND] ⨯ unhandledRejection:  Error: Both middleware file "./src\middleware.ts" and proxy file "./src\proxy.ts" are detected. Please use "./src\proxy.ts" only. Learn more: https://nextjs.org/docs/messages/middleware-to-proxy
[23:13:24] [FRONTEND]     at ignore-listed frames
[23:13:30] [FRONTEND] ✓ Compiled in 638ms
[23:13:30] [FRONTEND]  GET /login 200 in 205ms (compile: 45ms, proxy.ts: 77ms, render: 83ms)
[23:13:30] [FRONTEND]  GET /login 200 in 199ms (compile: 51ms, proxy.ts: 107ms, render: 41ms)
[23:13:30] [FRONTEND]  GET /login 200 in 219ms (compile: 10ms, proxy.ts: 17ms, render: 192ms)
[23:13:30] [FRONTEND]  GET /login 200 in 216ms (compile: 41ms, proxy.ts: 14ms, render: 160ms)
[23:13:30] [FRONTEND]  GET /login 200 in 227ms (compile: 10ms, proxy.ts: 17ms, render: 200ms)
[23:13:30] [FRONTEND]  GET /login 200 in 228ms (compile: 40ms, proxy.ts: 16ms, render: 171ms)
[23:13:31] [FRONTEND]  GET /login 200 in 217ms (compile: 13ms, proxy.ts: 16ms, render: 188ms)
[23:13:31] [FRONTEND]  GET /login 200 in 212ms (compile: 44ms, proxy.ts: 15ms, render: 153ms)
[23:13:31] [FRONTEND]  GET /login 200 in 227ms (compile: 10ms, proxy.ts: 18ms, render: 199ms)
[23:13:31] [FRONTEND]  GET /login 200 in 229ms (compile: 38ms, proxy.ts: 18ms, render: 173ms)
[23:13:31] [FRONTEND]  GET /login 200 in 247ms (compile: 16ms, proxy.ts: 15ms, render: 216ms)
[23:13:31] [FRONTEND]  GET /login 200 in 252ms (compile: 52ms, proxy.ts: 15ms, render: 185ms)
[23:13:31] [FRONTEND]  GET /login 200 in 246ms (compile: 15ms, proxy.ts: 18ms, render: 213ms)
[23:13:31] [FRONTEND]  GET /login 200 in 252ms (compile: 49ms, proxy.ts: 18ms, render: 185ms)
[23:13:31] [FRONTEND]  GET /login 200 in 153ms (compile: 18ms, proxy.ts: 18ms, render: 116ms)
[23:13:31] [FRONTEND]  GET /login 200 in 158ms (compile: 54ms, proxy.ts: 18ms, render: 86ms)
[23:13:31] [FRONTEND]  GET /login 200 in 380ms (compile: 33ms, proxy.ts: 18ms, render: 328ms)
[23:13:31] [FRONTEND]  GET /login 200 in 387ms (compile: 72ms, proxy.ts: 18ms, render: 297ms)
[23:13:31] [FRONTEND]  GET /login 200 in 361ms (compile: 9ms, proxy.ts: 14ms, render: 337ms)
[23:13:31] [FRONTEND]  GET /login 200 in 360ms (compile: 37ms, proxy.ts: 14ms, render: 309ms)
[23:13:32] [FRONTEND]  GET /login 200 in 385ms (compile: 41ms, proxy.ts: 15ms, render: 329ms)
[23:13:32] [FRONTEND]  GET /login 200 in 393ms (compile: 10ms, proxy.ts: 15ms, render: 369ms)
[23:13:32] [FRONTEND]  GET /login 200 in 392ms (compile: 14ms, proxy.ts: 32ms, render: 347ms)
[23:13:32] [FRONTEND]  GET /login 200 in 392ms (compile: 46ms, proxy.ts: 31ms, render: 315ms)
[23:13:32] [FRONTEND]  GET /login 200 in 352ms (compile: 18ms, proxy.ts: 14ms, render: 320ms)
[23:13:32] [FRONTEND]  GET /login 200 in 351ms (compile: 45ms, proxy.ts: 14ms, render: 292ms)
[23:13:32] [FRONTEND]  GET /login 200 in 385ms (compile: 32ms, proxy.ts: 23ms, render: 330ms)
[23:13:32] [FRONTEND]  GET /login 200 in 392ms (compile: 68ms, proxy.ts: 22ms, render: 301ms)
[23:13:32] [FRONTEND]  GET /login 200 in 400ms (compile: 11ms, proxy.ts: 19ms, render: 370ms)
[23:13:32] [FRONTEND]  GET /login 200 in 410ms (compile: 47ms, proxy.ts: 18ms, render: 344ms)
[23:13:32] [FRONTEND]  GET /login 200 in 318ms (compile: 15ms, proxy.ts: 16ms, render: 287ms)
[23:13:32] [FRONTEND]  GET /login 200 in 322ms (compile: 50ms, proxy.ts: 17ms, render: 256ms)
[23:13:32] [FRONTEND]  GET /login 200 in 310ms (compile: 18ms, proxy.ts: 33ms, render: 259ms)
[23:13:32] [FRONTEND]  GET /login 200 in 290ms (compile: 43ms, proxy.ts: 17ms, render: 231ms)
[23:13:32] [FRONTEND]  GET /login 200 in 397ms (compile: 29ms, proxy.ts: 22ms, render: 346ms)
[23:13:32] [FRONTEND]  GET /login 200 in 405ms (compile: 75ms, proxy.ts: 22ms, render: 308ms)
[23:13:33] [FRONTEND]  GET /login 200 in 397ms (compile: 9ms, proxy.ts: 19ms, render: 368ms)
[23:13:33] [FRONTEND]  GET /login 200 in 396ms (compile: 37ms, proxy.ts: 20ms, render: 340ms)
[23:13:33] [FRONTEND]  GET /login 200 in 287ms (compile: 11ms, proxy.ts: 15ms, render: 261ms)
[23:13:33] [FRONTEND]  GET /login 200 in 320ms (compile: 47ms, proxy.ts: 15ms, render: 258ms)
[23:13:33] [FRONTEND]  GET /login 200 in 332ms (compile: 16ms, proxy.ts: 24ms, render: 292ms)
[23:13:33] [FRONTEND]  GET /login 200 in 330ms (compile: 61ms, proxy.ts: 22ms, render: 247ms)
[23:13:33] [FRONTEND]  GET /login 200 in 341ms (compile: 53ms, proxy.ts: 13ms, render: 275ms)
[23:13:33] [FRONTEND]  GET /login 200 in 359ms (compile: 93ms, proxy.ts: 23ms, render: 242ms)
[23:13:33] [FRONTEND]  GET /login 200 in 305ms (compile: 8ms, proxy.ts: 14ms, render: 282ms)
[23:13:33] [FRONTEND]  GET /login 200 in 331ms (compile: 69ms, proxy.ts: 21ms, render: 241ms)
[23:13:33] [FRONTEND]  GET /login 200 in 370ms (compile: 20ms, proxy.ts: 30ms, render: 320ms)
[23:13:33] [FRONTEND]  GET /login 200 in 362ms (compile: 66ms, proxy.ts: 27ms, render: 269ms)
[23:13:33] [FRONTEND]  GET /login 200 in 233ms (compile: 21ms, proxy.ts: 20ms, render: 192ms)
[23:13:33] [FRONTEND]  GET /login 200 in 238ms (compile: 54ms, proxy.ts: 20ms, render: 164ms)
[23:13:33] [FRONTEND]  GET /login 200 in 408ms (compile: 24ms, proxy.ts: 86ms, render: 297ms)
[23:13:33] [FRONTEND]  GET /login 200 in 417ms (compile: 82ms, proxy.ts: 90ms, render: 245ms)
[23:13:34] [FRONTEND]  GET /login 200 in 316ms (compile: 10ms, proxy.ts: 13ms, render: 292ms)
[23:13:34] [FRONTEND]  GET /login 200 in 318ms (compile: 44ms, proxy.ts: 15ms, render: 260ms)
[23:13:34] [FRONTEND]  GET /login 200 in 342ms (compile: 19ms, proxy.ts: 15ms, render: 308ms)
[23:13:34] [FRONTEND]  GET /login 200 in 339ms (compile: 46ms, proxy.ts: 13ms, render: 280ms)
[23:13:34] [FRONTEND]  GET /login 200 in 319ms (compile: 12ms, proxy.ts: 17ms, render: 290ms)
[23:13:34] [FRONTEND]  GET /login 200 in 329ms (compile: 45ms, proxy.ts: 19ms, render: 265ms)
[23:13:34] [FRONTEND]  GET /login 200 in 261ms (compile: 16ms, proxy.ts: 22ms, render: 223ms)
[23:13:34] [FRONTEND]  GET /login 200 in 250ms (compile: 41ms, proxy.ts: 14ms, render: 195ms)
[23:13:34] [FRONTEND]  GET /login 200 in 234ms (compile: 49ms, proxy.ts: 21ms, render: 164ms)
[23:13:34] [FRONTEND]  GET /login 200 in 232ms (compile: 16ms, proxy.ts: 19ms, render: 197ms)
[23:13:34] [FRONTEND]  GET /login 200 in 226ms (compile: 18ms, proxy.ts: 17ms, render: 192ms)
[23:13:34] [FRONTEND]  GET /login 200 in 233ms (compile: 54ms, proxy.ts: 17ms, render: 162ms)
[23:13:34] [FRONTEND]  GET /login 200 in 298ms (compile: 14ms, proxy.ts: 12ms, render: 272ms)
[23:13:34] [FRONTEND]  GET /login 200 in 313ms (compile: 63ms, proxy.ts: 12ms, render: 239ms)
[23:13:34] [FRONTEND]  GET /login 200 in 265ms (compile: 8ms, proxy.ts: 15ms, render: 241ms)
[23:13:34] [FRONTEND]  GET /login 200 in 265ms (compile: 34ms, proxy.ts: 15ms, render: 216ms)
[23:13:34] [FRONTEND]  GET /login 200 in 276ms (compile: 11ms, proxy.ts: 12ms, render: 254ms)
[23:13:34] [FRONTEND]  GET /login 200 in 278ms (compile: 36ms, proxy.ts: 12ms, render: 229ms)
[23:13:34] [FRONTEND]  GET /login 200 in 283ms (compile: 9ms, proxy.ts: 13ms, render: 261ms)
[23:13:34] [FRONTEND]  GET /login 200 in 288ms (compile: 34ms, proxy.ts: 14ms, render: 240ms)
[23:13:35] [FRONTEND]  GET /login 200 in 369ms (compile: 9ms, proxy.ts: 16ms, render: 344ms)
[23:13:35] [FRONTEND]  GET /login 200 in 374ms (compile: 37ms, proxy.ts: 16ms, render: 321ms)
[23:13:35] [FRONTEND]  GET /login 200 in 365ms (compile: 11ms, proxy.ts: 16ms, render: 338ms)
[23:13:35] [FRONTEND]  GET /login 200 in 369ms (compile: 40ms, proxy.ts: 17ms, render: 313ms)
[23:13:35] [FRONTEND]  GET /login 200 in 370ms (compile: 12ms, proxy.ts: 19ms, render: 339ms)
[23:13:35] [FRONTEND]  GET /login 200 in 373ms (compile: 52ms, proxy.ts: 19ms, render: 302ms)
[23:13:35] [FRONTEND]  GET /login 200 in 319ms (compile: 16ms, proxy.ts: 36ms, render: 267ms)
[23:13:35] [FRONTEND]  GET /login 200 in 290ms (compile: 43ms, proxy.ts: 15ms, render: 232ms)
[23:13:35] [FRONTEND]  GET /login 200 in 285ms (compile: 10ms, proxy.ts: 14ms, render: 261ms)
[23:13:35] [FRONTEND]  GET /login 200 in 286ms (compile: 38ms, proxy.ts: 14ms, render: 233ms)
[23:13:35] [FRONTEND]  GET /login 200 in 278ms (compile: 35ms, proxy.ts: 16ms, render: 226ms)
[23:13:35] [FRONTEND]  GET /login 200 in 285ms (compile: 11ms, proxy.ts: 17ms, render: 258ms)
[23:13:35] [FRONTEND]  GET /login 200 in 276ms (compile: 11ms, proxy.ts: 14ms, render: 252ms)
[23:13:35] [FRONTEND]  GET /login 200 in 283ms (compile: 38ms, proxy.ts: 13ms, render: 231ms)
[23:13:35] [FRONTEND]  GET /login 200 in 282ms (compile: 14ms, proxy.ts: 14ms, render: 254ms)
[23:13:35] [FRONTEND]  GET /login 200 in 280ms (compile: 41ms, proxy.ts: 14ms, render: 225ms)
[23:13:35] [FRONTEND]  GET /login 200 in 284ms (compile: 11ms, proxy.ts: 14ms, render: 258ms)
[23:13:35] [FRONTEND]  GET /login 200 in 284ms (compile: 36ms, proxy.ts: 15ms, render: 233ms)
[23:13:35] [FRONTEND]  GET /login 200 in 282ms (compile: 10ms, proxy.ts: 14ms, render: 258ms)
[23:13:35] [FRONTEND]  GET /login 200 in 281ms (compile: 39ms, proxy.ts: 14ms, render: 228ms)
[23:13:36] [FRONTEND]  GET /login 200 in 293ms (compile: 11ms, proxy.ts: 13ms, render: 270ms)
[23:13:36] [FRONTEND]  GET /login 200 in 292ms (compile: 38ms, proxy.ts: 13ms, render: 242ms)
[23:13:36] [FRONTEND]  GET /login 200 in 299ms (compile: 11ms, proxy.ts: 13ms, render: 276ms)
[23:13:36] [FRONTEND]  GET /login 200 in 301ms (compile: 38ms, proxy.ts: 14ms, render: 249ms)
[23:13:36] [FRONTEND]  GET /login 200 in 221ms (compile: 12ms, proxy.ts: 14ms, render: 195ms)
[23:13:36] [FRONTEND]  GET /login 200 in 220ms (compile: 40ms, proxy.ts: 13ms, render: 167ms)
[23:13:36] [FRONTEND]  GET /login 200 in 253ms (compile: 13ms, proxy.ts: 14ms, render: 226ms)
[23:13:36] [FRONTEND]  GET /login 200 in 252ms (compile: 43ms, proxy.ts: 15ms, render: 194ms)
[23:13:36] [FRONTEND]  GET /login 200 in 328ms (compile: 20ms, proxy.ts: 15ms, render: 292ms)
[23:13:36] [FRONTEND]  GET /login 200 in 333ms (compile: 69ms, proxy.ts: 15ms, render: 249ms)
[23:13:36] [FRONTEND]  GET /login 200 in 274ms (compile: 11ms, proxy.ts: 13ms, render: 250ms)
[23:13:36] [FRONTEND]  GET /login 200 in 278ms (compile: 38ms, proxy.ts: 15ms, render: 225ms)
[23:13:36] [FRONTEND]  GET /login 200 in 280ms (compile: 9ms, proxy.ts: 13ms, render: 258ms)
[23:13:36] [FRONTEND]  GET /login 200 in 279ms (compile: 36ms, proxy.ts: 13ms, render: 230ms)
[23:13:36] [FRONTEND]  GET /login 200 in 201ms (compile: 11ms, proxy.ts: 14ms, render: 176ms)
[23:13:36] [FRONTEND]  GET /login 200 in 201ms (compile: 35ms, proxy.ts: 15ms, render: 152ms)
[23:13:36] [FRONTEND]  GET /login 200 in 206ms (compile: 9ms, proxy.ts: 14ms, render: 182ms)
[23:13:36] [FRONTEND]  GET /login 200 in 205ms (compile: 36ms, proxy.ts: 14ms, render: 155ms)
[23:13:36] [FRONTEND]  GET /login 200 in 284ms (compile: 18ms, proxy.ts: 13ms, render: 253ms)
[23:13:36] [FRONTEND]  GET /login 200 in 288ms (compile: 50ms, proxy.ts: 13ms, render: 225ms)
[23:13:37] [FRONTEND]  GET /login 200 in 289ms (compile: 14ms, proxy.ts: 12ms, render: 263ms)
[23:13:37] [FRONTEND]  GET /login 200 in 288ms (compile: 41ms, proxy.ts: 12ms, render: 235ms)
[23:13:37] [FRONTEND]  GET /login 200 in 281ms (compile: 8ms, proxy.ts: 12ms, render: 260ms)
[23:13:37] [FRONTEND]  GET /login 200 in 280ms (compile: 40ms, proxy.ts: 12ms, render: 229ms)
[23:13:37] [FRONTEND]  GET /login 200 in 284ms (compile: 8ms, proxy.ts: 16ms, render: 260ms)
[23:13:37] [FRONTEND]  GET /login 200 in 289ms (compile: 35ms, proxy.ts: 16ms, render: 239ms)
[23:13:37] [FRONTEND]  GET /login 200 in 293ms (compile: 12ms, proxy.ts: 26ms, render: 255ms)
[23:13:37] [FRONTEND]  GET /login 200 in 275ms (compile: 36ms, proxy.ts: 13ms, render: 226ms)
[23:13:37] [FRONTEND]  GET /login 200 in 283ms (compile: 9ms, proxy.ts: 16ms, render: 257ms)
[23:13:37] [FRONTEND]  GET /login 200 in 287ms (compile: 37ms, proxy.ts: 16ms, render: 234ms)
[23:13:37] [FRONTEND]  GET /login 200 in 278ms (compile: 10ms, proxy.ts: 14ms, render: 253ms)
[23:13:37] [FRONTEND]  GET /login 200 in 279ms (compile: 37ms, proxy.ts: 14ms, render: 228ms)
[23:13:37] [FRONTEND]  GET /login 200 in 279ms (compile: 9ms, proxy.ts: 15ms, render: 254ms)
[23:13:37] [FRONTEND]  GET /login 200 in 282ms (compile: 36ms, proxy.ts: 16ms, render: 231ms)
[23:13:37] [FRONTEND]  GET /login 200 in 274ms (compile: 10ms, proxy.ts: 13ms, render: 251ms)
[23:13:37] [FRONTEND]  GET /login 200 in 276ms (compile: 37ms, proxy.ts: 13ms, render: 227ms)
[23:13:37] [FRONTEND]  GET /login 200 in 285ms (compile: 12ms, proxy.ts: 13ms, render: 260ms)
[23:13:37] [FRONTEND]  GET /login 200 in 286ms (compile: 39ms, proxy.ts: 15ms, render: 233ms)
[23:13:37] [FRONTEND]  GET /login 200 in 277ms (compile: 10ms, proxy.ts: 14ms, render: 253ms)
[23:13:37] [FRONTEND]  GET /login 200 in 276ms (compile: 37ms, proxy.ts: 14ms, render: 225ms)
[23:13:37] [FRONTEND]  GET /login 200 in 280ms (compile: 10ms, proxy.ts: 14ms, render: 256ms)
[23:13:37] [FRONTEND]  GET /login 200 in 279ms (compile: 39ms, proxy.ts: 14ms, render: 226ms)
[23:13:37] [FRONTEND]  GET /login 200 in 196ms (compile: 10ms, proxy.ts: 13ms, render: 173ms)
[23:13:37] [FRONTEND]  GET /login 200 in 195ms (compile: 36ms, proxy.ts: 14ms, render: 145ms)
[23:13:37] [FRONTEND]  GET /login 200 in 116ms (compile: 12ms, proxy.ts: 13ms, render: 91ms)
[23:13:37] [FRONTEND]  GET /login 200 in 115ms (compile: 37ms, proxy.ts: 16ms, render: 62ms)
[23:13:38] [FRONTEND]  GET /login 200 in 269ms (compile: 15ms, proxy.ts: 13ms, render: 242ms)
[23:13:38] [FRONTEND]  GET /login 200 in 277ms (compile: 50ms, proxy.ts: 13ms, render: 214ms)
[23:13:38] [FRONTEND]  GET /login 200 in 274ms (compile: 7ms, proxy.ts: 11ms, render: 256ms)
[23:13:38] [FRONTEND]  GET /login 200 in 275ms (compile: 38ms, proxy.ts: 11ms, render: 226ms)
[23:13:38] [FRONTEND]  GET /login 200 in 279ms (compile: 9ms, proxy.ts: 13ms, render: 257ms)
[23:13:38] [FRONTEND]  GET /login 200 in 282ms (compile: 36ms, proxy.ts: 13ms, render: 233ms)
[23:13:38] [FRONTEND]  GET /login 200 in 291ms (compile: 9ms, proxy.ts: 16ms, render: 266ms)
[23:13:38] [FRONTEND]  GET /login 200 in 290ms (compile: 36ms, proxy.ts: 17ms, render: 238ms)
[23:13:38] [FRONTEND]  GET /login 200 in 277ms (compile: 37ms, proxy.ts: 15ms, render: 225ms)
[23:13:38] [FRONTEND]  GET /login 200 in 283ms (compile: 9ms, proxy.ts: 15ms, render: 258ms)
[23:13:38] [FRONTEND]  GET /login 200 in 280ms (compile: 10ms, proxy.ts: 15ms, render: 255ms)
[23:13:38] [FRONTEND]  GET /login 200 in 285ms (compile: 38ms, proxy.ts: 15ms, render: 232ms)
[23:13:38] [FRONTEND]  GET /login 200 in 281ms (compile: 11ms, proxy.ts: 13ms, render: 257ms)
[23:13:38] [FRONTEND]  GET /login 200 in 280ms (compile: 37ms, proxy.ts: 15ms, render: 228ms)
[23:13:38] [FRONTEND]  GET /login 200 in 285ms (compile: 8ms, proxy.ts: 15ms, render: 262ms)
[23:13:38] [FRONTEND]  GET /login 200 in 285ms (compile: 37ms, proxy.ts: 14ms, render: 234ms)
[23:13:38] [FRONTEND]  GET /login 200 in 278ms (compile: 10ms, proxy.ts: 14ms, render: 254ms)
[23:13:38] [FRONTEND]  GET /login 200 in 283ms (compile: 40ms, proxy.ts: 14ms, render: 229ms)
[23:13:38] [FRONTEND]  GET /login 200 in 280ms (compile: 11ms, proxy.ts: 14ms, render: 255ms)
[23:13:38] [FRONTEND]  GET /login 200 in 283ms (compile: 42ms, proxy.ts: 13ms, render: 227ms)
[23:13:39] [FRONTEND]  GET /login 200 in 286ms (compile: 13ms, proxy.ts: 15ms, render: 258ms)
[23:13:39] [FRONTEND]  GET /login 200 in 282ms (compile: 40ms, proxy.ts: 15ms, render: 227ms)
[23:13:39] [FRONTEND]  GET /login 200 in 317ms (compile: 12ms, proxy.ts: 15ms, render: 290ms)
[23:13:39] [FRONTEND]  GET /login 200 in 315ms (compile: 37ms, proxy.ts: 13ms, render: 265ms)
[23:13:39] [FRONTEND]  GET /login 200 in 232ms (compile: 39ms, proxy.ts: 14ms, render: 179ms)
[23:13:39] [FRONTEND]  GET /login 200 in 237ms (compile: 12ms, proxy.ts: 14ms, render: 211ms)
[23:13:39] [FRONTEND]  GET /login 200 in 309ms (compile: 10ms, proxy.ts: 13ms, render: 286ms)
[23:13:39] [FRONTEND]  GET /login 200 in 314ms (compile: 38ms, proxy.ts: 13ms, render: 262ms)
[23:13:39] [FRONTEND]  GET /login 200 in 419ms (compile: 79ms, proxy.ts: 19ms, render: 320ms)
[23:13:39] [FRONTEND]  GET /login 200 in 424ms (compile: 27ms, proxy.ts: 20ms, render: 377ms)
[23:13:39] [FRONTEND]  GET /login 200 in 265ms (compile: 12ms, proxy.ts: 50ms, render: 203ms)
[23:13:39] [FRONTEND]  GET /login 200 in 260ms (compile: 49ms, proxy.ts: 49ms, render: 162ms)
[23:13:39] [FRONTEND]  GET /login 200 in 188ms (compile: 9ms, proxy.ts: 13ms, render: 167ms)
[23:13:39] [FRONTEND]  GET /login 200 in 196ms (compile: 48ms, proxy.ts: 12ms, render: 136ms)
[23:13:39] [FRONTEND]  GET /login 200 in 284ms (compile: 10ms, proxy.ts: 14ms, render: 259ms)
[23:13:39] [FRONTEND]  GET /login 200 in 287ms (compile: 46ms, proxy.ts: 15ms, render: 227ms)
[23:13:39] [FRONTEND]  GET /login 200 in 273ms (compile: 7ms, proxy.ts: 12ms, render: 254ms)
[23:13:39] [FRONTEND]  GET /login 200 in 276ms (compile: 34ms, proxy.ts: 11ms, render: 230ms)
[23:13:40] [FRONTEND]  GET /login 200 in 301ms (compile: 9ms, proxy.ts: 20ms, render: 272ms)
[23:13:40] [FRONTEND]  GET /login 200 in 293ms (compile: 37ms, proxy.ts: 13ms, render: 244ms)
[23:13:40] [FRONTEND]  GET /login 200 in 289ms (compile: 8ms, proxy.ts: 15ms, render: 266ms)
[23:13:40] [FRONTEND]  GET /login 200 in 290ms (compile: 35ms, proxy.ts: 14ms, render: 241ms)
[23:13:40] [FRONTEND]  GET /login 200 in 299ms (compile: 22ms, proxy.ts: 15ms, render: 261ms)
[23:13:40] [FRONTEND]  GET /login 200 in 296ms (compile: 47ms, proxy.ts: 15ms, render: 234ms)
[23:13:40] [FRONTEND]  GET /login 200 in 279ms (compile: 39ms, proxy.ts: 13ms, render: 227ms)
[23:13:40] [FRONTEND]  GET /login 200 in 285ms (compile: 11ms, proxy.ts: 13ms, render: 261ms)
[23:13:40] [FRONTEND]  GET /login 200 in 293ms (compile: 39ms, proxy.ts: 14ms, render: 240ms)
[23:13:40] [FRONTEND]  GET /login 200 in 296ms (compile: 10ms, proxy.ts: 13ms, render: 273ms)
[23:13:40] [FRONTEND]  GET /login 200 in 290ms (compile: 10ms, proxy.ts: 12ms, render: 268ms)
[23:13:40] [FRONTEND]  GET /login 200 in 290ms (compile: 38ms, proxy.ts: 12ms, render: 240ms)
[23:13:40] [FRONTEND]  GET /login 200 in 298ms (compile: 12ms, proxy.ts: 14ms, render: 272ms)
[23:13:40] [FRONTEND]  GET /login 200 in 297ms (compile: 38ms, proxy.ts: 16ms, render: 243ms)
[23:13:40] [FRONTEND]  GET /login 200 in 287ms (compile: 10ms, proxy.ts: 14ms, render: 263ms)
[23:13:40] [FRONTEND]  GET /login 200 in 285ms (compile: 43ms, proxy.ts: 11ms, render: 231ms)
[23:13:40] [FRONTEND]  GET /login 200 in 287ms (compile: 12ms, proxy.ts: 14ms, render: 261ms)
[23:13:40] [FRONTEND]  GET /login 200 in 286ms (compile: 46ms, proxy.ts: 11ms, render: 229ms)
[23:13:40] [FRONTEND]  GET /login 200 in 282ms (compile: 12ms, proxy.ts: 15ms, render: 255ms)
[23:13:40] [FRONTEND]  GET /login 200 in 284ms (compile: 43ms, proxy.ts: 12ms, render: 229ms)
[23:13:40] [FRONTEND]  GET /login 200 in 289ms (compile: 12ms, proxy.ts: 14ms, render: 263ms)
[23:13:40] [FRONTEND]  GET /login 200 in 292ms (compile: 44ms, proxy.ts: 12ms, render: 236ms)
[23:13:41] [FRONTEND]  GET /login 200 in 290ms (compile: 12ms, proxy.ts: 14ms, render: 264ms)
[23:13:41] [FRONTEND]  GET /login 200 in 289ms (compile: 39ms, proxy.ts: 12ms, render: 237ms)
[23:13:41] [FRONTEND]  GET /login 200 in 291ms (compile: 39ms, proxy.ts: 15ms, render: 236ms)
[23:13:41] [FRONTEND]  GET /login 200 in 299ms (compile: 15ms, proxy.ts: 16ms, render: 268ms)
[23:13:41] [FRONTEND]  GET /login 200 in 283ms (compile: 12ms, proxy.ts: 15ms, render: 256ms)
[23:13:41] [FRONTEND]  GET /login 200 in 282ms (compile: 41ms, proxy.ts: 16ms, render: 226ms)
[23:13:41] [FRONTEND]  GET /login 200 in 285ms (compile: 9ms, proxy.ts: 14ms, render: 262ms)
[23:13:41] [FRONTEND]  GET /login 200 in 286ms (compile: 38ms, proxy.ts: 14ms, render: 235ms)
[23:13:41] [FRONTEND]  GET /login 200 in 289ms (compile: 12ms, proxy.ts: 14ms, render: 263ms)
[23:13:41] [FRONTEND]  GET /login 200 in 287ms (compile: 39ms, proxy.ts: 14ms, render: 233ms)
[23:13:41] [FRONTEND]  GET /login 200 in 289ms (compile: 11ms, proxy.ts: 14ms, render: 264ms)
[23:13:41] [FRONTEND]  GET /login 200 in 289ms (compile: 43ms, proxy.ts: 13ms, render: 233ms)
[23:13:41] [FRONTEND]  GET /login 200 in 273ms (compile: 12ms, proxy.ts: 16ms, render: 245ms)
[23:13:41] [FRONTEND]  GET /login 200 in 265ms (compile: 42ms, proxy.ts: 14ms, render: 210ms)
[23:13:41] [FRONTEND]  GET /login 200 in 184ms (compile: 12ms, proxy.ts: 15ms, render: 156ms)
[23:13:41] [FRONTEND]  GET /login 200 in 178ms (compile: 38ms, proxy.ts: 13ms, render: 127ms)
[23:13:41] [FRONTEND]  GET /login 200 in 91ms (compile: 9ms, proxy.ts: 13ms, render: 69ms)
[23:13:41] [FRONTEND]  GET /login 200 in 89ms (compile: 37ms, proxy.ts: 13ms, render: 39ms)
[23:14:25] [LIVE] >>> Streaming Live Server PM2 logs from 15.206.86.130...
[23:14:26] [LIVE] [TAILING] Tailing last 15 lines for [backend] process (change the value with --lines option)
[23:14:26] [LIVE] /home/ec2-user/.pm2/logs/backend-out.log last 15 lines:
[23:14:26] [LIVE] 📄 Page Count (pypdf): 8
[23:14:26] [LIVE] ✅ Processing Complete: 1100
[23:14:26] [LIVE] [INFO] S3 Manager initialized for bucket: digifort-labs-files (Region: ap-south-1)
[23:14:26] [LIVE] [INFO] S3 Manager initialized for bucket: digifort-labs-files (Region: ap-south-1)
[23:14:26] [LIVE] [INFO] S3 Manager initialized for bucket: digifort-labs-files (Region: ap-south-1)
[23:14:26] [LIVE] 🔐 [AUTH] Login attempt for: admin@digifortlabs.com
[23:14:26] [LIVE] 🔐 [AUTH] Known Device Login for admin@digifortlabs.com. Alert Skipped.
[23:14:26] [LIVE] 🔐 [AUTH] Login attempt for: dixithospitalvapi@gmail.com
[23:14:26] [LIVE] 🔐 [AUTH] Login attempt for: admin@digifortlabs.com
[23:14:26] [LIVE] 🔐 [AUTH] Known Device Login for admin@digifortlabs.com. Alert Skipped.
[23:14:26] [LIVE] 🧹 [Retention Cleanup] Started at 2026-05-24 14:39:13.811572
[23:14:26] [LIVE] ✨ Cleanup Finished: Nothing to remove.
[23:14:26] [LIVE] 🔐 [AUTH] Login attempt for: admin@digifortlabs.com
[23:14:26] [LIVE] 🔐 [AUTH] Known Device Login for admin@digifortlabs.com. Alert Skipped.
[23:14:26] [LIVE] 🔐 [AUTH] Login attempt for: admin@digifortlabs.com
[23:14:26] [LIVE] /home/ec2-user/.pm2/logs/backend-error.log last 15 lines:
[23:14:26] [LIVE] [2026-05-24 06:23:31 +0530] [2249682] [WARNING] Invalid HTTP request received.
[23:14:26] [LIVE] [2026-05-24 06:24:28 +0530] [2249682] [WARNING] Invalid HTTP request received.
[23:14:26] [LIVE] [2026-05-24 13:40:34 +0530] [2249681] [WARNING] Invalid HTTP request received.
[23:14:26] [LIVE] [2026-05-24 13:40:35 +0530] [2249683] [WARNING] Invalid HTTP request received.
[23:14:26] [LIVE] [2026-05-24 14:23:35 +0530] [2249684] [WARNING] Invalid HTTP request received.
[23:14:26] [LIVE] [2026-05-24 14:27:49 +0530] [2249683] [WARNING] Invalid HTTP request received.
[23:14:26] [LIVE] [2026-05-24 21:44:50 +0530] [2249682] [WARNING] Invalid HTTP request received.
[23:14:26] [LIVE] [2026-05-25 05:24:55 +0530] [2249681] [WARNING] Invalid HTTP request received.
[23:14:26] [LIVE] [2026-05-25 07:22:38 +0530] [2249681] [WARNING] Invalid HTTP request received.
[23:14:26] [LIVE] [2026-05-25 07:22:48 +0530] [2249681] [WARNING] Invalid HTTP request received.
[23:14:26] [LIVE] [2026-05-25 07:24:00 +0530] [2249681] [WARNING] Invalid HTTP request received.
[23:14:26] [LIVE] [2026-05-25 13:52:51 +0530] [2249683] [WARNING] Invalid HTTP request received.
[23:14:26] [LIVE] [2026-05-25 13:54:14 +0530] [2249681] [WARNING] Invalid HTTP request received.
[23:14:26] [LIVE] [2026-05-25 13:55:21 +0530] [2249683] [WARNING] Invalid HTTP request received.
[23:14:26] [LIVE] [2026-05-25 14:44:58 +0530] [2249681] [WARNING] Invalid HTTP request received.
[23:15:15] [BACKEND] INFO:     127.0.0.1:0 - "GET /auth/csrf-token HTTP/1.1" 200 OK
[23:15:15] [FRONTEND]  GET /api/auth/csrf-token 200 in 1247ms (compile: 1172ms, render: 75ms)
[23:15:15] [BACKEND] INFO:     127.0.0.1:0 - "POST /auth/check-email HTTP/1.1" 200 OK
[23:15:15] [FRONTEND]  POST /api/auth/check-email 200 in 86ms (compile: 12ms, render: 74ms)
[23:15:17] [FRONTEND]  POST /api/auth/token 200 in 450ms (compile: 46ms, render: 405ms)
[23:15:17] [FRONTEND]  GET /admin 200 in 211ms (compile: 132ms, proxy.ts: 8ms, render: 71ms)
[23:15:17] [BACKEND] INFO:     127.0.0.1:0 - "GET /users/me HTTP/1.1" 200 OK
[23:15:17] [FRONTEND]  GET /api/users/me 200 in 233ms (compile: 11ms, render: 222ms)
[23:15:18] [BACKEND] INFO:     127.0.0.1:0 - "GET /platform/settings HTTP/1.1" 200 OK
[23:15:18] [BACKEND] INFO:     127.0.0.1:0 - "GET /users/me HTTP/1.1" 200 OK
[23:15:18] [FRONTEND]  GET /api/platform/settings 200 in 305ms (compile: 18ms, render: 286ms)
[23:15:18] [FRONTEND]  GET /api/users/me 200 in 466ms (compile: 21ms, render: 444ms)
[23:15:18] [BACKEND] INFO:     127.0.0.1:0 - "GET /platform/settings HTTP/1.1" 200 OK
[23:15:18] [FRONTEND]  GET /api/platform/settings 200 in 127ms (compile: 13ms, render: 114ms)
[23:15:18] [BACKEND] INFO:     127.0.0.1:0 - "GET /users/me HTTP/1.1" 200 OK
[23:15:18] [FRONTEND]  GET /api/users/me 200 in 139ms (compile: 3ms, render: 135ms)
[23:15:18] [BACKEND] INFO:     127.0.0.1:0 - "GET /users/me HTTP/1.1" 200 OK
[23:15:18] [FRONTEND]  GET /api/users/me 200 in 104ms (compile: 10ms, render: 94ms)
[23:15:18] [BACKEND] INFO:     127.0.0.1:0 - "GET /stats/dashboard HTTP/1.1" 200 OK
[23:15:18] [FRONTEND]  GET /api/stats/dashboard 200 in 857ms (compile: 4ms, render: 853ms)
[23:15:19] [BACKEND] INFO:     127.0.0.1:0 - "GET /stats/dashboard HTTP/1.1" 200 OK
[23:15:19] [FRONTEND]  GET /api/stats/dashboard 200 in 425ms (compile: 5ms, render: 420ms)
[23:15:22] [BACKEND] INFO:     127.0.0.1:0 - "GET /users/me HTTP/1.1" 200 OK
[23:15:22] [FRONTEND]  GET /api/users/me 200 in 85ms (compile: 13ms, render: 72ms)
[23:15:23] [FRONTEND]  GET /dashboard/records 404 in 285ms (compile: 125ms, proxy.ts: 8ms, render: 152ms)
[23:15:23] [FRONTEND]  GET /dashboard/records 404 in 259ms (compile: 41ms, proxy.ts: 10ms, render: 209ms)
[23:15:28] [BACKEND] INFO:     127.0.0.1:0 - "GET /users/me HTTP/1.1" 200 OK
[23:15:28] [FRONTEND]  GET /api/users/me 200 in 89ms (compile: 10ms, render: 78ms)
[23:16:37] [FRONTEND]  GET /admin/records 404 in 116ms (compile: 19ms, proxy.ts: 6ms, render: 91ms)
[23:16:42] [BACKEND] INFO:     127.0.0.1:0 - "GET /users/me HTTP/1.1" 200 OK
[23:16:42] [FRONTEND]  GET /api/users/me 200 in 81ms (compile: 11ms, render: 70ms)
[23:17:17] [FRONTEND]  GET /login 200 in 186ms (compile: 109ms, proxy.ts: 8ms, render: 70ms)
[23:17:18] [FRONTEND]  GET /login 200 in 198ms (compile: 78ms, proxy.ts: 8ms, render: 111ms)
[23:17:18] [FRONTEND]  GET /login 200 in 108ms (compile: 5ms, proxy.ts: 15ms, render: 88ms)
[23:17:18] [FRONTEND]  GET /login 200 in 167ms (compile: 19ms, proxy.ts: 9ms, render: 138ms)
[23:17:18] [FRONTEND]  GET /login 200 in 299ms (compile: 5ms, proxy.ts: 17ms, render: 276ms)
[23:17:18] [FRONTEND]  GET /login 200 in 281ms (compile: 36ms, proxy.ts: 42ms, render: 203ms)
[23:17:18] [FRONTEND]  GET /login 200 in 117ms (compile: 6ms, proxy.ts: 10ms, render: 101ms)
[23:17:18] [FRONTEND]  GET /login 200 in 152ms (compile: 5ms, proxy.ts: 10ms, render: 137ms)
[23:17:18] [FRONTEND]  GET /login 200 in 173ms (compile: 11ms, proxy.ts: 9ms, render: 153ms)
[23:17:18] [FRONTEND]  GET /login 200 in 127ms (compile: 6ms, proxy.ts: 9ms, render: 112ms)
[23:17:18] [FRONTEND]  GET /login 200 in 158ms (compile: 8ms, proxy.ts: 8ms, render: 141ms)
[23:17:18] [FRONTEND]  GET /login 200 in 144ms (compile: 7ms, proxy.ts: 7ms, render: 130ms)
[23:17:18] [FRONTEND]  GET /login 200 in 153ms (compile: 8ms, proxy.ts: 11ms, render: 135ms)
[23:17:18] [FRONTEND]  GET /login 200 in 150ms (compile: 6ms, proxy.ts: 8ms, render: 136ms)
[23:17:18] [FRONTEND]  GET /login 200 in 146ms (compile: 5ms, proxy.ts: 11ms, render: 130ms)
[23:17:19] [FRONTEND]  GET /login 200 in 163ms (compile: 5ms, proxy.ts: 9ms, render: 149ms)
[23:17:19] [FRONTEND]  GET /login 200 in 185ms (compile: 7ms, proxy.ts: 8ms, render: 170ms)
[23:17:19] [FRONTEND]  GET /login 200 in 185ms (compile: 20ms, proxy.ts: 10ms, render: 155ms)
[23:17:19] [FRONTEND]  GET /login 200 in 123ms (compile: 9ms, proxy.ts: 14ms, render: 100ms)
[23:17:19] [FRONTEND]  GET /login 200 in 89ms (compile: 7ms, proxy.ts: 10ms, render: 72ms)
[23:17:19] [FRONTEND]  GET /login 200 in 151ms (compile: 6ms, proxy.ts: 9ms, render: 137ms)
[23:17:19] [FRONTEND]  GET /login 200 in 124ms (compile: 27ms, proxy.ts: 7ms, render: 90ms)
[23:17:19] [FRONTEND]  GET /login 200 in 184ms (compile: 79ms, proxy.ts: 9ms, render: 96ms)
[23:17:19] [FRONTEND]  GET /login 200 in 105ms (compile: 5ms, proxy.ts: 7ms, render: 92ms)
[23:17:19] [FRONTEND]  GET /login 200 in 118ms (compile: 7ms, proxy.ts: 10ms, render: 101ms)
[23:17:19] [FRONTEND]  GET /login 200 in 137ms (compile: 10ms, proxy.ts: 7ms, render: 119ms)
[23:17:19] [FRONTEND]  GET /login 200 in 98ms (compile: 7ms, proxy.ts: 8ms, render: 83ms)
[23:17:19] [FRONTEND]  GET /login 200 in 191ms (compile: 69ms, proxy.ts: 11ms, render: 110ms)
[23:17:20] [FRONTEND]  GET /login 200 in 139ms (compile: 5ms, proxy.ts: 13ms, render: 121ms)
[23:17:20] [FRONTEND]  GET /login 200 in 86ms (compile: 6ms, proxy.ts: 7ms, render: 73ms)
[23:17:20] [FRONTEND]  GET /login 200 in 126ms (compile: 78ms, proxy.ts: 9ms, render: 39ms)
[23:17:20] [FRONTEND]  GET /login 200 in 92ms (compile: 45ms, proxy.ts: 7ms, render: 40ms)
[23:17:20] [FRONTEND]  GET /login 200 in 99ms (compile: 46ms, proxy.ts: 7ms, render: 46ms)
[23:17:20] [FRONTEND]  GET /login 200 in 106ms (compile: 57ms, proxy.ts: 7ms, render: 42ms)
[23:17:20] [FRONTEND] ○ Compiling /admin/records ...
[23:17:20] [FRONTEND]  GET /login 200 in 105ms (compile: 47ms, proxy.ts: 7ms, render: 51ms)
[23:17:20] [FRONTEND]  GET /login 200 in 94ms (compile: 43ms, proxy.ts: 10ms, render: 41ms)
[23:17:20] [FRONTEND]  GET /login 200 in 182ms (compile: 32ms, proxy.ts: 7ms, render: 143ms)
[23:17:20] [FRONTEND]  GET /login 200 in 236ms (compile: 5ms, proxy.ts: 10ms, render: 222ms)
[23:17:20] [FRONTEND]  GET /login 200 in 297ms (compile: 6ms, proxy.ts: 8ms, render: 284ms)
[23:17:21] [FRONTEND]  GET /admin/records 200 in 3.7s (compile: 3.4s, proxy.ts: 60ms, render: 260ms)
[23:17:21] [FRONTEND]  GET /login 200 in 361ms (compile: 88ms, proxy.ts: 12ms, render: 261ms)
[23:17:21] [FRONTEND]  GET /admin/records 200 in 320ms (compile: 17ms, proxy.ts: 9ms, render: 294ms)
[23:17:21] [FRONTEND]  GET /login 200 in 322ms (compile: 14ms, proxy.ts: 48ms, render: 259ms)
[23:17:21] [FRONTEND]  GET /admin/records 200 in 288ms (compile: 17ms, proxy.ts: 47ms, render: 224ms)
[23:17:21] [FRONTEND] Warning: Please use the `legacy` build in Node.js environments.
[23:17:21] [FRONTEND]  GET /login 200 in 935ms (compile: 15ms, proxy.ts: 52ms, render: 869ms)
[23:17:21] [FRONTEND]  GET /admin/records 200 in 872ms (compile: 43ms, proxy.ts: 17ms, render: 812ms)
[23:17:22] [FRONTEND]  GET /login 200 in 946ms (compile: 8ms, proxy.ts: 16ms, render: 922ms)
[23:17:22] [FRONTEND]  GET /login 200 in 948ms (compile: 88ms, proxy.ts: 19ms, render: 840ms)
[23:17:22] [FRONTEND]  GET /admin/records 200 in 944ms (compile: 27ms, proxy.ts: 21ms, render: 896ms)
[23:17:22] [FRONTEND]  GET /login 200 in 239ms (compile: 13ms, proxy.ts: 61ms, render: 165ms)
[23:17:22] [FRONTEND]  GET /login 200 in 203ms (compile: 9ms, proxy.ts: 21ms, render: 172ms)
[23:17:22] [FRONTEND]  GET /login 200 in 101ms (compile: 19ms, proxy.ts: 10ms, render: 72ms)
[23:17:22] [FRONTEND]  GET /login 200 in 174ms (compile: 15ms, proxy.ts: 17ms, render: 142ms)
[23:17:22] [FRONTEND]  GET /login 200 in 124ms (compile: 6ms, proxy.ts: 12ms, render: 106ms)
[23:17:22] [FRONTEND]  GET /login 200 in 119ms (compile: 10ms, proxy.ts: 9ms, render: 100ms)
[23:17:22] [FRONTEND]  GET /login 200 in 127ms (compile: 11ms, proxy.ts: 10ms, render: 105ms)
[23:17:22] [FRONTEND]  GET /login 200 in 110ms (compile: 7ms, proxy.ts: 9ms, render: 95ms)
[23:17:22] [FRONTEND]  GET /login 200 in 121ms (compile: 12ms, proxy.ts: 11ms, render: 98ms)
[23:17:22] [FRONTEND]  GET /login 200 in 128ms (compile: 12ms, proxy.ts: 8ms, render: 107ms)
[23:17:22] [FRONTEND]  GET /login 200 in 144ms (compile: 9ms, proxy.ts: 9ms, render: 126ms)
[23:17:22] [FRONTEND]  GET /login 200 in 159ms (compile: 5ms, proxy.ts: 22ms, render: 133ms)
[23:17:22] [FRONTEND]  GET /login 200 in 141ms (compile: 8ms, proxy.ts: 10ms, render: 123ms)
[23:17:22] [FRONTEND]  GET /login 200 in 128ms (compile: 21ms, proxy.ts: 22ms, render: 86ms)
[23:17:22] [FRONTEND]  GET /login 200 in 135ms (compile: 8ms, proxy.ts: 7ms, render: 120ms)
[23:17:23] [FRONTEND]  GET /login 200 in 153ms (compile: 6ms, proxy.ts: 11ms, render: 137ms)
[23:17:23] [FRONTEND]  GET /login 200 in 162ms (compile: 6ms, proxy.ts: 8ms, render: 148ms)
[23:17:23] [FRONTEND]  GET /login 200 in 124ms (compile: 6ms, proxy.ts: 13ms, render: 104ms)
[23:17:23] [FRONTEND]  GET /login 200 in 71ms (compile: 8ms, proxy.ts: 13ms, render: 50ms)
[23:17:23] [FRONTEND]  GET /login 200 in 155ms (compile: 11ms, proxy.ts: 11ms, render: 134ms)
[23:17:23] [FRONTEND]  GET /login 200 in 155ms (compile: 5ms, proxy.ts: 9ms, render: 141ms)
[23:17:23] [FRONTEND]  GET /login 200 in 163ms (compile: 11ms, proxy.ts: 13ms, render: 139ms)
[23:17:23] [FRONTEND]  GET /login 200 in 134ms (compile: 6ms, proxy.ts: 10ms, render: 118ms)
[23:17:23] [FRONTEND]  GET /login 200 in 86ms (compile: 6ms, proxy.ts: 12ms, render: 68ms)
[23:17:23] [FRONTEND]  GET /login 200 in 103ms (compile: 36ms, proxy.ts: 12ms, render: 55ms)
[23:17:23] [FRONTEND]  GET /login 200 in 193ms (compile: 12ms, proxy.ts: 12ms, render: 169ms)
[23:17:23] [FRONTEND]  GET /login 200 in 190ms (compile: 9ms, proxy.ts: 9ms, render: 173ms)
[23:17:23] [FRONTEND]  GET /login 200 in 194ms (compile: 8ms, proxy.ts: 12ms, render: 174ms)
[23:17:23] [FRONTEND]  GET /login 200 in 147ms (compile: 10ms, proxy.ts: 13ms, render: 124ms)
[23:17:23] [FRONTEND]  GET /login 200 in 140ms (compile: 8ms, proxy.ts: 10ms, render: 123ms)
[23:17:23] [FRONTEND]  GET /login 200 in 153ms (compile: 22ms, proxy.ts: 13ms, render: 119ms)
[23:17:23] [FRONTEND]  GET /login 200 in 95ms (compile: 15ms, proxy.ts: 14ms, render: 66ms)
[23:17:24] [FRONTEND]  GET /login 200 in 185ms (compile: 23ms, proxy.ts: 12ms, render: 150ms)
[23:17:24] [FRONTEND]  GET /login 200 in 162ms (compile: 9ms, proxy.ts: 10ms, render: 144ms)
[23:17:24] [FRONTEND]  GET /login 200 in 147ms (compile: 6ms, proxy.ts: 11ms, render: 130ms)
[23:17:24] [FRONTEND]  GET /login 200 in 110ms (compile: 5ms, proxy.ts: 9ms, render: 95ms)
[23:17:24] [FRONTEND]  GET /login 200 in 119ms (compile: 7ms, proxy.ts: 12ms, render: 101ms)
[23:17:24] [FRONTEND]  GET /login 200 in 125ms (compile: 9ms, proxy.ts: 9ms, render: 106ms)
[23:17:24] [FRONTEND]  GET /login 200 in 99ms (compile: 7ms, proxy.ts: 16ms, render: 76ms)
[23:17:24] [FRONTEND]  GET /login 200 in 205ms (compile: 49ms, proxy.ts: 10ms, render: 146ms)
[23:17:24] [FRONTEND]  GET /login 200 in 165ms (compile: 17ms, proxy.ts: 16ms, render: 132ms)
[23:17:24] [FRONTEND]  GET /login 200 in 133ms (compile: 20ms, proxy.ts: 9ms, render: 104ms)
[23:17:24] [FRONTEND]  GET /login 200 in 142ms (compile: 11ms, proxy.ts: 8ms, render: 123ms)
[23:17:24] [FRONTEND]  GET /login 200 in 93ms (compile: 9ms, proxy.ts: 21ms, render: 63ms)
[23:17:24] [FRONTEND]  GET /login 200 in 115ms (compile: 12ms, proxy.ts: 9ms, render: 95ms)
[23:17:24] [FRONTEND]  GET /login 200 in 134ms (compile: 6ms, proxy.ts: 11ms, render: 117ms)
[23:17:24] [FRONTEND]  GET /login 200 in 82ms (compile: 16ms, proxy.ts: 12ms, render: 54ms)
[23:17:25] [FRONTEND]  GET /login 200 in 139ms (compile: 6ms, proxy.ts: 7ms, render: 126ms)
[23:17:25] [FRONTEND]  GET /login 200 in 146ms (compile: 7ms, proxy.ts: 9ms, render: 130ms)
[23:17:25] [FRONTEND]  GET /login 200 in 240ms (compile: 10ms, proxy.ts: 8ms, render: 221ms)
[23:17:25] [FRONTEND]  GET /login 200 in 232ms (compile: 7ms, proxy.ts: 8ms, render: 218ms)
[23:17:25] [FRONTEND]  GET /login 200 in 226ms (compile: 84ms, proxy.ts: 12ms, render: 130ms)
[23:17:25] [FRONTEND]  GET /login 200 in 147ms (compile: 5ms, proxy.ts: 8ms, render: 134ms)
[23:17:25] [FRONTEND]  GET /login 200 in 117ms (compile: 5ms, proxy.ts: 11ms, render: 101ms)
[23:17:25] [FRONTEND]  GET /login 200 in 110ms (compile: 6ms, proxy.ts: 8ms, render: 97ms)
[23:17:25] [BACKEND] INFO:     127.0.0.1:0 - "GET /users/me HTTP/1.1" 200 OK
[23:17:25] [FRONTEND]  GET /api/users/me 200 in 372ms (compile: 62ms, render: 310ms)
[23:17:25] [FRONTEND]  GET /login 200 in 170ms (compile: 9ms, proxy.ts: 11ms, render: 150ms)
[23:17:25] [FRONTEND]  GET /login 200 in 164ms (compile: 8ms, proxy.ts: 7ms, render: 149ms)
[23:17:25] [FRONTEND]  GET /login 200 in 129ms (compile: 21ms, proxy.ts: 8ms, render: 99ms)
[23:17:25] [FRONTEND]  GET /login 200 in 149ms (compile: 6ms, proxy.ts: 8ms, render: 135ms)
[23:17:25] [FRONTEND]  GET /login 200 in 168ms (compile: 7ms, proxy.ts: 8ms, render: 153ms)
[23:17:25] [FRONTEND]  GET /login 200 in 214ms (compile: 6ms, proxy.ts: 8ms, render: 201ms)
[23:17:25] [BACKEND] INFO:     127.0.0.1:0 - "GET /platform/settings HTTP/1.1" 200 OK
[23:17:25] [FRONTEND]  GET /api/platform/settings 200 in 111ms (compile: 8ms, render: 103ms)
[23:17:25] [FRONTEND]  GET /login 200 in 217ms (compile: 6ms, proxy.ts: 9ms, render: 201ms)
[23:17:26] [FRONTEND]  GET /login 200 in 210ms (compile: 29ms, proxy.ts: 30ms, render: 152ms)
[23:17:26] [FRONTEND]  GET /login 200 in 159ms (compile: 9ms, proxy.ts: 17ms, render: 133ms)
[23:17:26] [FRONTEND]  GET /login 200 in 143ms (compile: 7ms, proxy.ts: 11ms, render: 125ms)
[23:17:26] [BACKEND] INFO:     127.0.0.1:0 - "GET /platform/settings HTTP/1.1" 200 OK
[23:17:26] [BACKEND] INFO:     127.0.0.1:0 - "GET /users/me HTTP/1.1" 200 OK
[23:17:26] [BACKEND] INFO:     127.0.0.1:0 - "GET /hospitals/ HTTP/1.1" 200 OK
[23:17:26] [FRONTEND]  GET /login 200 in 129ms (compile: 6ms, proxy.ts: 9ms, render: 115ms)
[23:17:26] [FRONTEND]  GET /api/platform/settings 200 in 176ms (compile: 30ms, render: 146ms)
[23:17:26] [FRONTEND]  GET /api/users/me 200 in 308ms (compile: 16ms, render: 292ms)
[23:17:26] [FRONTEND]  GET /api/hospitals/ 200 in 261ms (compile: 9ms, render: 252ms)
[23:17:26] [FRONTEND]  GET /login 200 in 130ms (compile: 6ms, proxy.ts: 8ms, render: 116ms)
[23:17:26] [FRONTEND]  GET /login 200 in 89ms (compile: 7ms, proxy.ts: 8ms, render: 75ms)
[23:17:26] [BACKEND] INFO:     127.0.0.1:0 - "GET /users/me HTTP/1.1" 200 OK
[23:17:26] [FRONTEND]  GET /api/users/me 200 in 95ms (compile: 5ms, render: 90ms)
[23:17:26] [BACKEND] INFO:     127.0.0.1:0 - "GET /hospitals/ HTTP/1.1" 200 OK
[23:17:26] [FRONTEND]  GET /api/hospitals/ 200 in 148ms (compile: 11ms, render: 137ms)
[23:17:26] [BACKEND] INFO:     127.0.0.1:0 - "GET /users/me HTTP/1.1" 200 OK
[23:17:26] [FRONTEND]  GET /api/users/me 200 in 249ms (compile: 9ms, render: 240ms)
[23:17:26] [BACKEND] INFO:     127.0.0.1:0 - "GET /hospitals/ HTTP/1.1" 200 OK
[23:17:26] [FRONTEND]  GET /api/hospitals/ 200 in 272ms (compile: 3ms, render: 269ms)
[23:17:26] [BACKEND] INFO:     127.0.0.1:0 - "GET /users/me HTTP/1.1" 200 OK
[23:17:26] [FRONTEND]  GET /api/users/me 200 in 75ms (compile: 3ms, render: 72ms)
[23:17:26] [BACKEND] INFO:     127.0.0.1:0 - "GET /hospitals/ HTTP/1.1" 200 OK
[23:17:26] [FRONTEND]  GET /api/hospitals/ 200 in 177ms (compile: 3ms, render: 174ms)
[23:17:30] [BACKEND] INFO:     127.0.0.1:0 - "GET /users/me HTTP/1.1" 200 OK
[23:17:30] [FRONTEND]  GET /api/users/me 200 in 87ms (compile: 11ms, render: 76ms)
[23:17:35] [FRONTEND]  GET /admin 200 in 67ms (compile: 18ms, proxy.ts: 9ms, render: 40ms)
[23:17:36] [BACKEND] INFO:     127.0.0.1:0 - "GET /stats/dashboard HTTP/1.1" 200 OK
[23:17:36] [FRONTEND]  GET /api/stats/dashboard 200 in 696ms (compile: 42ms, render: 654ms)
[23:17:36] [BACKEND] INFO:     127.0.0.1:0 - "GET /stats/dashboard HTTP/1.1" 200 OK
[23:17:36] [FRONTEND]  GET /api/stats/dashboard 200 in 411ms (compile: 4ms, render: 407ms)
[23:17:36] [FRONTEND]  GET /dashboard/dental 404 in 172ms (compile: 68ms, proxy.ts: 7ms, render: 97ms)
[23:17:37] [FRONTEND]  GET /dashboard/dental 404 in 238ms (compile: 50ms, proxy.ts: 12ms, render: 176ms)
[23:17:39] [FRONTEND]  GET /admin 200 in 295ms (compile: 6ms, proxy.ts: 7ms, render: 283ms)
[23:17:39] [BACKEND] INFO:     127.0.0.1:0 - "GET /platform/settings HTTP/1.1" 200 OK
[23:17:39] [FRONTEND]  GET /api/platform/settings 200 in 59ms (compile: 12ms, render: 47ms)
[23:17:39] [BACKEND] INFO:     127.0.0.1:0 - "GET /platform/settings HTTP/1.1" 200 OK
[23:17:39] [FRONTEND]  GET /api/platform/settings 200 in 148ms (compile: 3ms, render: 145ms)
[23:17:39] [BACKEND] INFO:     127.0.0.1:0 - "GET /users/me HTTP/1.1" 200 OK
[23:17:39] [FRONTEND]  GET /api/users/me 200 in 260ms (compile: 24ms, render: 236ms)
[23:17:39] [BACKEND] INFO:     127.0.0.1:0 - "GET /users/me HTTP/1.1" 200 OK
[23:17:39] [FRONTEND]  GET /api/users/me 200 in 81ms (compile: 3ms, render: 78ms)
[23:17:40] [BACKEND] INFO:     127.0.0.1:0 - "GET /stats/dashboard HTTP/1.1" 200 OK
[23:17:40] [FRONTEND]  GET /api/stats/dashboard 200 in 751ms (compile: 3ms, render: 748ms)
[23:17:40] [FRONTEND]  GET /dashboard/dental 404 in 66ms (compile: 26ms, proxy.ts: 7ms, render: 33ms)
[23:17:40] [FRONTEND]  GET /api/stats/dashboard 200 in 565ms (compile: 6ms, render: 559ms)
[23:17:40] [FRONTEND]  GET /dashboard/dental 404 in 211ms (compile: 12ms, proxy.ts: 7ms, render: 192ms)
[23:17:41] [BACKEND] INFO:     127.0.0.1:0 - "GET /stats/dashboard HTTP/1.1" 200 OK
[23:17:43] [FRONTEND]  GET /admin 200 in 103ms (compile: 7ms, proxy.ts: 7ms, render: 89ms)
[23:17:44] [BACKEND] INFO:     127.0.0.1:0 - "GET /platform/settings HTTP/1.1" 200 OK
[23:17:44] [FRONTEND]  GET /api/platform/settings 200 in 235ms (compile: 3ms, render: 232ms)
[23:17:44] [BACKEND] INFO:     127.0.0.1:0 - "GET /platform/settings HTTP/1.1" 200 OK
[23:17:44] [FRONTEND]  GET /api/platform/settings 200 in 79ms (compile: 5ms, render: 75ms)
[23:17:44] [BACKEND] INFO:     127.0.0.1:0 - "GET /users/me HTTP/1.1" 200 OK
[23:17:44] [FRONTEND]  GET /api/users/me 200 in 278ms (compile: 5ms, render: 274ms)
[23:17:44] [BACKEND] INFO:     127.0.0.1:0 - "GET /users/me HTTP/1.1" 200 OK
[23:17:44] [FRONTEND]  GET /api/users/me 200 in 178ms (compile: 4ms, render: 174ms)
[23:17:45] [FRONTEND]  GET /dashboard/records 404 in 67ms (compile: 23ms, proxy.ts: 8ms, render: 36ms)
[23:17:45] [FRONTEND]  GET /api/stats/dashboard 200 in 1030ms (compile: 16ms, render: 1014ms)
[23:17:45] [FRONTEND]  GET /dashboard/records 404 in 224ms (compile: 33ms, proxy.ts: 7ms, render: 184ms)
[23:17:45] [BACKEND] INFO:     127.0.0.1:0 - "GET /stats/dashboard HTTP/1.1" 200 OK
[23:17:47] [FRONTEND]  GET /admin 200 in 89ms (compile: 4ms, proxy.ts: 8ms, render: 77ms)
[23:17:47] [BACKEND] INFO:     127.0.0.1:0 - "GET /platform/settings HTTP/1.1" 200 OK
[23:17:47] [FRONTEND]  GET /api/platform/settings 200 in 212ms (compile: 18ms, render: 194ms)
[23:17:47] [BACKEND] INFO:     127.0.0.1:0 - "GET /platform/settings HTTP/1.1" 200 OK
[23:17:47] [BACKEND] INFO:     127.0.0.1:0 - "GET /users/me HTTP/1.1" 200 OK
[23:17:47] [FRONTEND]  GET /api/platform/settings 200 in 205ms (compile: 2ms, render: 203ms)
[23:17:47] [FRONTEND]  GET /api/users/me 200 in 358ms (compile: 4ms, render: 354ms)
[23:17:47] [BACKEND] INFO:     127.0.0.1:0 - "GET /users/me HTTP/1.1" 200 OK
[23:17:47] [FRONTEND]  GET /api/users/me 200 in 95ms (compile: 3ms, render: 91ms)
[23:17:48] [FRONTEND]  GET /dashboard/dental 404 in 85ms (compile: 35ms, proxy.ts: 7ms, render: 43ms)
[23:17:48] [FRONTEND]  GET /api/stats/dashboard 200 in 962ms (compile: 11ms, render: 951ms)
[23:17:48] [FRONTEND]  GET /dashboard/dental 404 in 234ms (compile: 35ms, proxy.ts: 21ms, render: 178ms)
[23:17:48] [BACKEND] INFO:     127.0.0.1:0 - "GET /stats/dashboard HTTP/1.1" 200 OK
[23:17:53] [BACKEND] INFO:     127.0.0.1:0 - "GET /users/me HTTP/1.1" 200 OK
[23:17:53] [FRONTEND]  GET /api/users/me 200 in 84ms (compile: 9ms, render: 75ms)
[23:17:54] [FRONTEND]  GET /admin/dental 404 in 207ms (compile: 26ms, proxy.ts: 6ms, render: 175ms)
[23:18:00] [BACKEND] INFO:     127.0.0.1:0 - "GET /users/me HTTP/1.1" 200 OK
[23:18:00] [FRONTEND]  GET /api/users/me 200 in 100ms (compile: 8ms, render: 92ms)
[23:18:03] [FRONTEND]  GET /dashboard/dental 404 in 99ms (compile: 12ms, proxy.ts: 7ms, render: 79ms)
[23:18:04] [FRONTEND]  GET /admin 200 in 168ms (compile: 13ms, proxy.ts: 6ms, render: 149ms)
[23:18:04] [BACKEND] INFO:     127.0.0.1:0 - "GET /platform/settings HTTP/1.1" 200 OK
[23:18:04] [FRONTEND]  GET /api/platform/settings 200 in 300ms (compile: 49ms, render: 251ms)
[23:18:04] [BACKEND] INFO:     127.0.0.1:0 - "GET /users/me HTTP/1.1" 200 OK
[23:18:04] [FRONTEND]  GET /api/users/me 200 in 352ms (compile: 12ms, render: 340ms)
[23:18:05] [BACKEND] INFO:     127.0.0.1:0 - "GET /platform/settings HTTP/1.1" 200 OK
[23:18:05] [FRONTEND]  GET /api/platform/settings 200 in 208ms (compile: 20ms, render: 188ms)
[23:18:05] [BACKEND] INFO:     127.0.0.1:0 - "GET /users/me HTTP/1.1" 200 OK
[23:18:05] [FRONTEND]  GET /api/users/me 200 in 316ms (compile: 3ms, render: 313ms)
[23:18:05] [BACKEND] INFO:     127.0.0.1:0 - "GET /stats/dashboard HTTP/1.1" 200 OK
[23:18:05] [FRONTEND]  GET /api/stats/dashboard 200 in 1111ms (compile: 31ms, render: 1080ms)
[23:18:06] [BACKEND] INFO:     127.0.0.1:0 - "GET /stats/dashboard HTTP/1.1" 200 OK
[23:18:06] [FRONTEND]  GET /api/stats/dashboard 200 in 381ms (compile: 3ms, render: 378ms)
[23:18:09] [BACKEND] INFO:     127.0.0.1:0 - "GET /users/me HTTP/1.1" 200 OK
[23:18:09] [FRONTEND]  GET /api/users/me 200 in 98ms (compile: 12ms, render: 87ms)
[23:18:35] [BACKEND] INFO:     127.0.0.1:0 - "GET /platform/settings HTTP/1.1" 200 OK
[23:18:35] [FRONTEND]  GET /api/platform/settings 200 in 456ms (compile: 11ms, render: 446ms)
[23:19:04] [BACKEND] INFO:     127.0.0.1:0 - "GET /platform/settings HTTP/1.1" 200 OK
[23:19:04] [FRONTEND]  GET /api/platform/settings 200 in 65ms (compile: 11ms, render: 54ms)
[23:19:35] [BACKEND] INFO:     127.0.0.1:0 - "GET /platform/settings HTTP/1.1" 200 OK
[23:19:35] [FRONTEND]  GET /api/platform/settings 200 in 65ms (compile: 10ms, render: 55ms)
[23:20:04] [BACKEND] INFO:     127.0.0.1:0 - "GET /platform/settings HTTP/1.1" 200 OK
[23:20:04] [FRONTEND]  GET /api/platform/settings 200 in 76ms (compile: 9ms, render: 67ms)
[23:20:14] [FRONTEND]  GET /dashboard/records 404 in 69ms (compile: 15ms, proxy.ts: 8ms, render: 47ms)
[23:20:14] [FRONTEND]  GET /dashboard/records 404 in 138ms (compile: 13ms, proxy.ts: 17ms, render: 108ms)
[23:20:15] [FRONTEND]  GET /admin 200 in 108ms (compile: 7ms, proxy.ts: 7ms, render: 94ms)
[23:20:16] [BACKEND] INFO:     127.0.0.1:0 - "GET /platform/settings HTTP/1.1" 200 OK
[23:20:16] [FRONTEND]  GET /api/platform/settings 200 in 111ms (compile: 26ms, render: 85ms)
[23:20:16] [BACKEND] INFO:     127.0.0.1:0 - "GET /platform/settings HTTP/1.1" 200 OK
[23:20:16] [FRONTEND]  GET /api/platform/settings 200 in 165ms (compile: 5ms, render: 160ms)
[23:20:16] [BACKEND] INFO:     127.0.0.1:0 - "GET /users/me HTTP/1.1" 200 OK
[23:20:16] [FRONTEND]  GET /api/users/me 200 in 336ms (compile: 4ms, render: 333ms)
[23:20:16] [BACKEND] INFO:     127.0.0.1:0 - "GET /users/me HTTP/1.1" 200 OK
[23:20:16] [FRONTEND]  GET /api/users/me 200 in 88ms (compile: 3ms, render: 85ms)
[23:20:16] [BACKEND] INFO:     127.0.0.1:0 - "GET /stats/dashboard HTTP/1.1" 200 OK
[23:20:16] [FRONTEND]  GET /api/stats/dashboard 200 in 800ms (compile: 15ms, render: 785ms)
[23:20:17] [BACKEND] INFO:     127.0.0.1:0 - "GET /stats/dashboard HTTP/1.1" 200 OK
[23:20:17] [FRONTEND]  GET /api/stats/dashboard 200 in 492ms (compile: 3ms, render: 489ms)
[23:20:21] [BACKEND] INFO:     127.0.0.1:0 - "GET /users/me HTTP/1.1" 200 OK
[23:20:21] [FRONTEND]  GET /api/users/me 200 in 332ms (compile: 11ms, render: 321ms)
[23:20:30] [FRONTEND]  GET /dashboard/settings 404 in 60ms (compile: 13ms, proxy.ts: 10ms, render: 37ms)
[23:20:30] [FRONTEND]  GET /dashboard/settings 404 in 121ms (compile: 18ms, proxy.ts: 9ms, render: 95ms)
[23:20:32] [FRONTEND]  GET /admin 200 in 185ms (compile: 8ms, proxy.ts: 7ms, render: 171ms)
[23:20:33] [BACKEND] INFO:     127.0.0.1:0 - "GET /platform/settings HTTP/1.1" 200 OK
[23:20:33] [FRONTEND]  GET /api/platform/settings 200 in 143ms (compile: 12ms, render: 132ms)
[23:20:33] [BACKEND] INFO:     127.0.0.1:0 - "GET /platform/settings HTTP/1.1" 200 OK
[23:20:33] [FRONTEND]  GET /api/platform/settings 200 in 152ms (compile: 4ms, render: 148ms)
[23:20:33] [BACKEND] INFO:     127.0.0.1:0 - "GET /users/me HTTP/1.1" 200 OK
[23:20:33] [FRONTEND]  GET /api/users/me 200 in 300ms (compile: 11ms, render: 288ms)
[23:20:33] [BACKEND] INFO:     127.0.0.1:0 - "GET /users/me HTTP/1.1" 200 OK
[23:20:33] [FRONTEND]  GET /api/users/me 200 in 184ms (compile: 10ms, render: 174ms)
[23:20:33] [BACKEND] INFO:     127.0.0.1:0 - "GET /stats/dashboard HTTP/1.1" 200 OK
[23:20:33] [FRONTEND]  GET /api/stats/dashboard 200 in 833ms (compile: 20ms, render: 812ms)
[23:20:34] [BACKEND] INFO:     127.0.0.1:0 - "GET /stats/dashboard HTTP/1.1" 200 OK
[23:20:34] [FRONTEND]  GET /api/stats/dashboard 200 in 528ms (compile: 7ms, render: 520ms)
[23:20:38] [BACKEND] INFO:     127.0.0.1:0 - "GET /users/me HTTP/1.1" 200 OK
[23:20:38] [FRONTEND]  GET /api/users/me 200 in 189ms (compile: 10ms, render: 179ms)
[23:21:04] [BACKEND] INFO:     127.0.0.1:0 - "GET /platform/settings HTTP/1.1" 200 OK
[23:21:04] [FRONTEND]  GET /api/platform/settings 200 in 62ms (compile: 9ms, render: 54ms)
[23:21:33] [BACKEND] INFO:     127.0.0.1:0 - "GET /platform/settings HTTP/1.1" 200 OK
[23:21:33] [FRONTEND]  GET /api/platform/settings 200 in 81ms (compile: 9ms, render: 72ms)
[23:22:04] [BACKEND] INFO:     127.0.0.1:0 - "GET /platform/settings HTTP/1.1" 200 OK
[23:22:04] [FRONTEND]  GET /api/platform/settings 200 in 62ms (compile: 9ms, render: 53ms)
[23:22:33] [BACKEND] INFO:     127.0.0.1:0 - "GET /platform/settings HTTP/1.1" 200 OK
[23:22:33] [FRONTEND]  GET /api/platform/settings 200 in 75ms (compile: 18ms, render: 57ms)
[23:22:37] [FRONTEND] ✓ Compiled in 515ms
[23:22:47] [FRONTEND] ✓ Compiled in 612ms
[23:22:51] [FRONTEND] ✓ Compiled in 462ms
[23:23:04] [BACKEND] INFO:     127.0.0.1:0 - "GET /platform/settings HTTP/1.1" 200 OK
[23:23:04] [FRONTEND]  GET /api/platform/settings 200 in 656ms (compile: 13ms, render: 642ms)
[23:23:32] [FRONTEND] ✓ Compiled in 1334ms
[23:23:33] [FRONTEND]  GET /login 200 in 736ms (compile: 109ms, proxy.ts: 64ms, render: 563ms)
[23:23:33] [FRONTEND]  GET /admin 200 in 520ms (compile: 230ms, proxy.ts: 35ms, render: 255ms)
[23:23:33] [FRONTEND]  GET /login 200 in 498ms (compile: 291ms, proxy.ts: 15ms, render: 192ms)
[23:23:33] [FRONTEND]  GET /login 200 in 246ms (compile: 7ms, proxy.ts: 12ms, render: 227ms)
[23:23:33] [FRONTEND]  GET /admin 200 in 252ms (compile: 39ms, proxy.ts: 12ms, render: 202ms)
[23:23:33] [FRONTEND]  GET /login 200 in 266ms (compile: 11ms, proxy.ts: 9ms, render: 246ms)
[23:23:33] [FRONTEND]  GET /admin 200 in 226ms (compile: 11ms, proxy.ts: 13ms, render: 202ms)
[23:23:33] [FRONTEND]  GET /login 200 in 225ms (compile: 41ms, proxy.ts: 14ms, render: 170ms)
[23:23:33] [FRONTEND]  GET /login 200 in 186ms (compile: 11ms, proxy.ts: 15ms, render: 160ms)
[23:23:33] [FRONTEND]  GET /admin 200 in 186ms (compile: 41ms, proxy.ts: 15ms, render: 129ms)
[23:23:33] [FRONTEND]  GET /login 200 in 92ms (compile: 16ms, proxy.ts: 10ms, render: 65ms)
[23:23:33] [FRONTEND]  GET /login 200 in 293ms (compile: 10ms, proxy.ts: 12ms, render: 270ms)
[23:23:33] [FRONTEND]  GET /admin 200 in 346ms (compile: 49ms, proxy.ts: 57ms, render: 241ms)
[23:23:33] [FRONTEND]  GET /login 200 in 208ms (compile: 8ms, proxy.ts: 12ms, render: 188ms)
[23:23:33] [FRONTEND]  GET /admin 200 in 207ms (compile: 73ms, proxy.ts: 12ms, render: 121ms)
[23:23:34] [FRONTEND]  GET /admin 200 in 416ms (compile: 49ms, proxy.ts: 11ms, render: 356ms)
[23:23:34] [FRONTEND]  GET /login 200 in 457ms (compile: 128ms, proxy.ts: 43ms, render: 286ms)
[23:23:34] [FRONTEND]  GET /admin 200 in 371ms (compile: 64ms, proxy.ts: 53ms, render: 255ms)
[23:23:34] [FRONTEND]  GET /login 200 in 371ms (compile: 28ms, proxy.ts: 53ms, render: 291ms)
[23:23:34] [FRONTEND]  GET /admin 200 in 315ms (compile: 39ms, proxy.ts: 13ms, render: 263ms)
[23:23:34] [FRONTEND]  GET /login 200 in 323ms (compile: 9ms, proxy.ts: 13ms, render: 301ms)
[23:23:34] [FRONTEND]  GET /admin 200 in 337ms (compile: 44ms, proxy.ts: 14ms, render: 279ms)
[23:23:34] [FRONTEND]  GET /login 200 in 342ms (compile: 10ms, proxy.ts: 14ms, render: 318ms)
[23:23:34] [FRONTEND]  GET /admin 200 in 332ms (compile: 8ms, proxy.ts: 14ms, render: 309ms)
[23:23:34] [FRONTEND]  GET /login 200 in 340ms (compile: 62ms, proxy.ts: 14ms, render: 263ms)
[23:23:34] [FRONTEND]  GET /admin 200 in 321ms (compile: 12ms, proxy.ts: 18ms, render: 291ms)
[23:23:34] [FRONTEND]  GET /login 200 in 320ms (compile: 43ms, proxy.ts: 17ms, render: 259ms)
[23:23:34] [FRONTEND]  GET /login 200 in 316ms (compile: 38ms, proxy.ts: 17ms, render: 261ms)
[23:23:34] [FRONTEND]  GET /admin 200 in 320ms (compile: 9ms, proxy.ts: 17ms, render: 294ms)
[23:23:34] [FRONTEND]  GET /login 200 in 232ms (compile: 39ms, proxy.ts: 14ms, render: 179ms)
[23:23:34] [FRONTEND]  GET /admin 200 in 236ms (compile: 12ms, proxy.ts: 15ms, render: 209ms)
[23:23:34] [FRONTEND]  GET /login 200 in 140ms (compile: 11ms, proxy.ts: 18ms, render: 112ms)
[23:23:34] [FRONTEND]  GET /admin 200 in 143ms (compile: 45ms, proxy.ts: 18ms, render: 80ms)
[23:23:34] [FRONTEND]  GET /login 200 in 165ms (compile: 49ms, proxy.ts: 14ms, render: 101ms)
[23:23:34] [FRONTEND]  GET /admin 200 in 160ms (compile: 14ms, proxy.ts: 13ms, render: 133ms)
[23:23:35] [FRONTEND]  GET /login 200 in 175ms (compile: 68ms, proxy.ts: 15ms, render: 92ms)
[23:23:35] [FRONTEND]  GET /admin 200 in 178ms (compile: 104ms, proxy.ts: 14ms, render: 60ms)
[23:23:35] [FRONTEND]  GET /admin 200 in 380ms (compile: 11ms, proxy.ts: 13ms, render: 356ms)
[23:23:35] [FRONTEND]  GET /login 200 in 384ms (compile: 43ms, proxy.ts: 13ms, render: 328ms)
[23:23:35] [BACKEND] INFO:     127.0.0.1:0 - "GET /platform/settings HTTP/1.1" 200 OK
[23:23:35] [FRONTEND]  GET /api/platform/settings 200 in 199ms (compile: 69ms, render: 130ms)
[23:23:35] [FRONTEND]  GET /admin 200 in 361ms (compile: 8ms, proxy.ts: 13ms, render: 339ms)
[23:23:35] [FRONTEND]  GET /login 200 in 392ms (compile: 39ms, proxy.ts: 13ms, render: 340ms)
[23:23:35] [FRONTEND]  GET /admin 200 in 360ms (compile: 12ms, proxy.ts: 18ms, render: 330ms)
[23:23:35] [FRONTEND]  GET /login 200 in 388ms (compile: 121ms, proxy.ts: 15ms, render: 252ms)
[23:23:35] [FRONTEND]  GET /login 200 in 256ms (compile: 13ms, proxy.ts: 14ms, render: 230ms)
[23:23:35] [FRONTEND]  GET /admin 200 in 243ms (compile: 11ms, proxy.ts: 54ms, render: 177ms)
[23:23:35] [FRONTEND]  GET /login 200 in 251ms (compile: 15ms, proxy.ts: 39ms, render: 196ms)
[23:23:35] [FRONTEND]  GET /admin 200 in 222ms (compile: 13ms, proxy.ts: 47ms, render: 162ms)
[23:23:35] [FRONTEND]  GET /login 200 in 270ms (compile: 14ms, proxy.ts: 41ms, render: 214ms)
[23:23:35] [FRONTEND]  GET /admin 200 in 339ms (compile: 23ms, proxy.ts: 39ms, render: 277ms)
[23:23:36] [FRONTEND]  GET /login 200 in 318ms (compile: 20ms, proxy.ts: 17ms, render: 281ms)
[23:23:36] [FRONTEND]  GET /admin 200 in 317ms (compile: 60ms, proxy.ts: 15ms, render: 242ms)
[23:23:36] [FRONTEND]  GET /login 200 in 295ms (compile: 9ms, proxy.ts: 16ms, render: 270ms)
[23:23:36] [FRONTEND]  GET /admin 200 in 296ms (compile: 40ms, proxy.ts: 14ms, render: 243ms)
[23:23:36] [FRONTEND]  GET /login 200 in 309ms (compile: 22ms, proxy.ts: 15ms, render: 272ms)
[23:23:36] [FRONTEND]  GET /admin 200 in 306ms (compile: 51ms, proxy.ts: 13ms, render: 243ms)
[23:23:36] [FRONTEND]  GET /login 200 in 220ms (compile: 11ms, proxy.ts: 15ms, render: 194ms)
[23:23:36] [FRONTEND]  GET /admin 200 in 215ms (compile: 38ms, proxy.ts: 14ms, render: 163ms)
[23:23:36] [FRONTEND]  GET /login 200 in 155ms (compile: 13ms, proxy.ts: 20ms, render: 122ms)
[23:23:36] [FRONTEND]  GET /admin 200 in 274ms (compile: 39ms, proxy.ts: 14ms, render: 220ms)
[23:23:36] [FRONTEND]  GET /admin 200 in 390ms (compile: 35ms, proxy.ts: 13ms, render: 342ms)
[23:23:36] [FRONTEND]  GET /login 200 in 400ms (compile: 98ms, proxy.ts: 17ms, render: 286ms)
[23:23:37] [FRONTEND]  GET /login 200 in 1533ms (compile: 1143ms, proxy.ts: 47ms, render: 344ms)
[23:23:37] [FRONTEND]  GET /admin 200 in 1537ms (compile: 1073ms, proxy.ts: 45ms, render: 420ms)
[23:23:38] [FRONTEND]  GET /login 200 in 393ms (compile: 64ms, proxy.ts: 72ms, render: 258ms)
[23:23:38] [FRONTEND]  GET /admin 200 in 396ms (compile: 14ms, proxy.ts: 70ms, render: 313ms)
[23:23:38] [FRONTEND]  GET /admin 200 in 397ms (compile: 10ms, proxy.ts: 20ms, render: 367ms)
[23:23:38] [FRONTEND]  GET /login 200 in 396ms (compile: 41ms, proxy.ts: 20ms, render: 335ms)
[23:23:38] [FRONTEND]  GET /admin 200 in 419ms (compile: 13ms, proxy.ts: 14ms, render: 392ms)
[23:23:38] [FRONTEND]  GET /login 200 in 420ms (compile: 42ms, proxy.ts: 14ms, render: 363ms)
[23:23:38] [FRONTEND]  GET /admin 200 in 360ms (compile: 11ms, proxy.ts: 14ms, render: 335ms)
[23:23:38] [FRONTEND]  GET /login 200 in 359ms (compile: 44ms, proxy.ts: 14ms, render: 301ms)
[23:23:38] [FRONTEND]  GET /login 200 in 266ms (compile: 52ms, proxy.ts: 16ms, render: 199ms)
[23:23:38] [FRONTEND]  GET /admin 200 in 311ms (compile: 13ms, proxy.ts: 56ms, render: 242ms)
[23:23:38] [FRONTEND]  GET /login 200 in 285ms (compile: 46ms, proxy.ts: 13ms, render: 227ms)
[23:23:38] [FRONTEND]  GET /admin 200 in 294ms (compile: 89ms, proxy.ts: 13ms, render: 192ms)
[23:23:38] [FRONTEND]  GET /login 200 in 221ms (compile: 17ms, proxy.ts: 10ms, render: 195ms)
[23:23:38] [FRONTEND]  GET /admin 200 in 289ms (compile: 18ms, proxy.ts: 46ms, render: 224ms)
[23:23:38] [FRONTEND]  GET /login 200 in 254ms (compile: 43ms, proxy.ts: 10ms, render: 200ms)
[23:23:38] [FRONTEND]  GET /admin 200 in 296ms (compile: 6ms, proxy.ts: 41ms, render: 249ms)
[23:23:38] [FRONTEND]  GET /admin 200 in 297ms (compile: 11ms, proxy.ts: 12ms, render: 275ms)
[23:23:38] [FRONTEND]  GET /login 200 in 302ms (compile: 48ms, proxy.ts: 12ms, render: 242ms)
[23:23:39] [FRONTEND]  GET /admin 200 in 300ms (compile: 12ms, proxy.ts: 18ms, render: 271ms)
[23:23:39] [FRONTEND]  GET /login 200 in 300ms (compile: 39ms, proxy.ts: 18ms, render: 243ms)
[23:23:39] [FRONTEND]  GET /admin 200 in 303ms (compile: 10ms, proxy.ts: 14ms, render: 279ms)
[23:23:39] [FRONTEND]  GET /login 200 in 303ms (compile: 37ms, proxy.ts: 15ms, render: 251ms)
[23:23:39] [FRONTEND]  GET /login 200 in 317ms (compile: 40ms, proxy.ts: 13ms, render: 264ms)
[23:23:39] [FRONTEND]  GET /admin 200 in 321ms (compile: 11ms, proxy.ts: 13ms, render: 297ms)
[23:23:39] [FRONTEND]  GET /login 200 in 315ms (compile: 49ms, proxy.ts: 13ms, render: 253ms)
[23:23:39] [FRONTEND]  GET /admin 200 in 321ms (compile: 10ms, proxy.ts: 13ms, render: 298ms)
[23:23:39] [FRONTEND]  GET /login 200 in 316ms (compile: 42ms, proxy.ts: 13ms, render: 262ms)
[23:23:39] [FRONTEND]  GET /admin 200 in 320ms (compile: 11ms, proxy.ts: 13ms, render: 295ms)
[23:23:39] [FRONTEND]  GET /admin 200 in 302ms (compile: 11ms, proxy.ts: 14ms, render: 277ms)
[23:23:39] [FRONTEND]  GET /login 200 in 301ms (compile: 44ms, proxy.ts: 14ms, render: 243ms)
[23:23:39] [FRONTEND]  GET /admin 200 in 308ms (compile: 21ms, proxy.ts: 15ms, render: 272ms)
[23:23:39] [FRONTEND]  GET /login 200 in 305ms (compile: 46ms, proxy.ts: 15ms, render: 243ms)
[23:23:39] [FRONTEND]  GET /admin 200 in 292ms (compile: 11ms, proxy.ts: 14ms, render: 267ms)
[23:23:39] [FRONTEND]  GET /login 200 in 295ms (compile: 38ms, proxy.ts: 13ms, render: 243ms)
[23:23:39] [FRONTEND]  GET /admin 200 in 223ms (compile: 10ms, proxy.ts: 13ms, render: 199ms)
[23:23:39] [FRONTEND]  GET /login 200 in 291ms (compile: 49ms, proxy.ts: 13ms, render: 229ms)
[23:23:39] [FRONTEND]  GET /login 200 in 281ms (compile: 8ms, proxy.ts: 14ms, render: 259ms)
[23:23:39] [FRONTEND]  GET /admin 200 in 303ms (compile: 49ms, proxy.ts: 15ms, render: 238ms)
[23:23:39] [FRONTEND]  GET /login 200 in 219ms (compile: 52ms, proxy.ts: 14ms, render: 153ms)
[23:23:39] [FRONTEND]  GET /admin 200 in 218ms (compile: 17ms, proxy.ts: 15ms, render: 186ms)
[23:23:40] [FRONTEND]  GET /login 200 in 210ms (compile: 38ms, proxy.ts: 13ms, render: 159ms)
[23:23:40] [FRONTEND]  GET /admin 200 in 214ms (compile: 8ms, proxy.ts: 13ms, render: 192ms)
[23:23:40] [FRONTEND]  GET /login 200 in 307ms (compile: 12ms, proxy.ts: 15ms, render: 280ms)
[23:23:40] [FRONTEND]  GET /admin 200 in 320ms (compile: 44ms, proxy.ts: 22ms, render: 254ms)
[23:23:40] [FRONTEND]  GET /admin 200 in 317ms (compile: 42ms, proxy.ts: 15ms, render: 260ms)
[23:23:40] [FRONTEND]  GET /login 200 in 320ms (compile: 11ms, proxy.ts: 14ms, render: 295ms)
[23:23:40] [FRONTEND]  GET /admin 200 in 312ms (compile: 38ms, proxy.ts: 14ms, render: 261ms)
[23:23:40] [FRONTEND]  GET /login 200 in 317ms (compile: 9ms, proxy.ts: 14ms, render: 293ms)
[23:23:40] [FRONTEND]  GET /admin 200 in 324ms (compile: 44ms, proxy.ts: 17ms, render: 263ms)
[23:23:40] [FRONTEND]  GET /login 200 in 329ms (compile: 14ms, proxy.ts: 15ms, render: 300ms)
[23:23:40] [FRONTEND]  GET /admin 200 in 326ms (compile: 44ms, proxy.ts: 15ms, render: 267ms)
[23:23:40] [FRONTEND]  GET /login 200 in 329ms (compile: 13ms, proxy.ts: 15ms, render: 302ms)
[23:23:40] [FRONTEND]  GET /login 200 in 251ms (compile: 11ms, proxy.ts: 14ms, render: 226ms)
[23:23:40] [FRONTEND]  GET /admin 200 in 249ms (compile: 45ms, proxy.ts: 14ms, render: 191ms)
[23:23:40] [FRONTEND]  GET /login 200 in 253ms (compile: 12ms, proxy.ts: 14ms, render: 227ms)
[23:23:40] [FRONTEND]  GET /admin 200 in 285ms (compile: 43ms, proxy.ts: 14ms, render: 227ms)
[23:23:40] [FRONTEND]  GET /admin 200 in 313ms (compile: 15ms, proxy.ts: 25ms, render: 272ms)
[23:23:40] [FRONTEND]  GET /login 200 in 323ms (compile: 64ms, proxy.ts: 19ms, render: 240ms)
[23:23:41] [FRONTEND]  GET /admin 200 in 289ms (compile: 10ms, proxy.ts: 16ms, render: 263ms)
[23:23:41] [FRONTEND]  GET /login 200 in 293ms (compile: 43ms, proxy.ts: 16ms, render: 234ms)
[23:23:41] [FRONTEND]  GET /admin 200 in 307ms (compile: 8ms, proxy.ts: 12ms, render: 287ms)
[23:23:41] [FRONTEND]  GET /login 200 in 307ms (compile: 38ms, proxy.ts: 12ms, render: 257ms)
[23:23:41] [FRONTEND]  GET /login 200 in 311ms (compile: 39ms, proxy.ts: 16ms, render: 256ms)
[23:23:41] [FRONTEND]  GET /admin 200 in 316ms (compile: 9ms, proxy.ts: 16ms, render: 291ms)
[23:23:41] [FRONTEND]  GET /admin 200 in 325ms (compile: 15ms, proxy.ts: 17ms, render: 294ms)
[23:23:41] [FRONTEND]  GET /login 200 in 325ms (compile: 48ms, proxy.ts: 17ms, render: 260ms)
[23:23:41] [FRONTEND]  GET /admin 200 in 311ms (compile: 11ms, proxy.ts: 14ms, render: 286ms)
[23:23:41] [FRONTEND]  GET /login 200 in 310ms (compile: 44ms, proxy.ts: 16ms, render: 250ms)
[23:23:41] [FRONTEND]  GET /admin 200 in 314ms (compile: 13ms, proxy.ts: 15ms, render: 286ms)
[23:23:41] [FRONTEND]  GET /login 200 in 313ms (compile: 45ms, proxy.ts: 14ms, render: 253ms)
[23:23:41] [FRONTEND]  GET /admin 200 in 305ms (compile: 12ms, proxy.ts: 15ms, render: 277ms)
[23:23:41] [FRONTEND]  GET /login 200 in 301ms (compile: 40ms, proxy.ts: 12ms, render: 248ms)
[23:23:41] [FRONTEND]  GET /admin 200 in 312ms (compile: 11ms, proxy.ts: 15ms, render: 287ms)
[23:23:41] [FRONTEND]  GET /login 200 in 311ms (compile: 43ms, proxy.ts: 14ms, render: 254ms)
[23:23:41] [FRONTEND]  GET /admin 200 in 307ms (compile: 13ms, proxy.ts: 14ms, render: 281ms)
[23:23:41] [FRONTEND]  GET /login 200 in 305ms (compile: 41ms, proxy.ts: 13ms, render: 251ms)
[23:23:41] [FRONTEND]  GET /admin 200 in 317ms (compile: 11ms, proxy.ts: 19ms, render: 287ms)
[23:23:41] [FRONTEND]  GET /login 200 in 320ms (compile: 40ms, proxy.ts: 19ms, render: 261ms)
[23:23:42] [FRONTEND]  GET /admin 200 in 315ms (compile: 14ms, proxy.ts: 14ms, render: 287ms)
[23:23:42] [FRONTEND]  GET /login 200 in 312ms (compile: 41ms, proxy.ts: 15ms, render: 256ms)
[23:23:42] [FRONTEND]  GET /admin 200 in 229ms (compile: 14ms, proxy.ts: 14ms, render: 200ms)
[23:23:42] [FRONTEND]  GET /login 200 in 224ms (compile: 38ms, proxy.ts: 15ms, render: 171ms)
[23:23:42] [FRONTEND]  GET /admin 200 in 214ms (compile: 10ms, proxy.ts: 15ms, render: 189ms)
[23:23:42] [FRONTEND]  GET /login 200 in 212ms (compile: 44ms, proxy.ts: 15ms, render: 154ms)
[23:23:42] [FRONTEND]  GET /login 200 in 312ms (compile: 13ms, proxy.ts: 16ms, render: 283ms)
[23:23:42] [FRONTEND]  GET /admin 200 in 322ms (compile: 49ms, proxy.ts: 16ms, render: 257ms)
[23:23:42] [FRONTEND]  GET /login 200 in 313ms (compile: 9ms, proxy.ts: 15ms, render: 289ms)
[23:23:42] [FRONTEND]  GET /admin 200 in 312ms (compile: 38ms, proxy.ts: 15ms, render: 259ms)
[23:23:42] [FRONTEND]  GET /login 200 in 321ms (compile: 10ms, proxy.ts: 14ms, render: 297ms)
[23:23:42] [FRONTEND]  GET /admin 200 in 319ms (compile: 37ms, proxy.ts: 12ms, render: 269ms)
[23:23:42] [FRONTEND]  GET /login 200 in 334ms (compile: 11ms, proxy.ts: 23ms, render: 299ms)
[23:23:42] [FRONTEND]  GET /admin 200 in 323ms (compile: 40ms, proxy.ts: 16ms, render: 267ms)
[23:23:42] [FRONTEND]  GET /login 200 in 336ms (compile: 13ms, proxy.ts: 20ms, render: 304ms)
[23:23:42] [FRONTEND]  GET /admin 200 in 335ms (compile: 41ms, proxy.ts: 22ms, render: 271ms)
[23:23:42] [FRONTEND]  GET /login 200 in 320ms (compile: 10ms, proxy.ts: 14ms, render: 296ms)
[23:23:42] [FRONTEND]  GET /admin 200 in 319ms (compile: 40ms, proxy.ts: 14ms, render: 265ms)
[23:23:42] [FRONTEND]  GET /admin 200 in 235ms (compile: 43ms, proxy.ts: 18ms, render: 174ms)
[23:23:42] [FRONTEND]  GET /login 200 in 239ms (compile: 13ms, proxy.ts: 17ms, render: 208ms)
[23:23:42] [FRONTEND]  GET /login 200 in 131ms (compile: 12ms, proxy.ts: 14ms, render: 105ms)
[23:23:42] [FRONTEND]  GET /admin 200 in 129ms (compile: 42ms, proxy.ts: 15ms, render: 73ms)
[23:23:43] [FRONTEND]  GET /admin 200 in 337ms (compile: 19ms, proxy.ts: 16ms, render: 301ms)
[23:23:43] [FRONTEND]  GET /login 200 in 349ms (compile: 61ms, proxy.ts: 18ms, render: 270ms)
[23:23:43] [FRONTEND]  GET /login 200 in 410ms (compile: 17ms, proxy.ts: 15ms, render: 378ms)
[23:23:43] [FRONTEND]  GET /admin 200 in 422ms (compile: 81ms, proxy.ts: 14ms, render: 327ms)
[23:23:44] [FRONTEND] ✓ Compiled in 982ms
[23:23:44] [FRONTEND]  GET /admin 200 in 1687ms (compile: 1064ms, proxy.ts: 87ms, render: 535ms)
[23:23:44] [FRONTEND]  GET /login 404 in 1797ms (compile: 1357ms, proxy.ts: 11ms, render: 430ms)
[23:23:44] [FRONTEND]  GET /admin 200 in 538ms (compile: 26ms, proxy.ts: 211ms, render: 301ms)
[23:23:45] [FRONTEND]  GET /login 200 in 374ms (compile: 32ms, proxy.ts: 61ms, render: 280ms)
[23:23:45] [FRONTEND]  GET /admin 200 in 311ms (compile: 15ms, proxy.ts: 69ms, render: 227ms)
[23:23:45] [FRONTEND]  GET /login 200 in 297ms (compile: 18ms, proxy.ts: 56ms, render: 222ms)
[23:23:45] [FRONTEND]  GET /admin 200 in 260ms (compile: 14ms, proxy.ts: 52ms, render: 193ms)
[23:23:45] [FRONTEND]  GET /login 200 in 311ms (compile: 19ms, proxy.ts: 60ms, render: 231ms)
[23:23:45] [FRONTEND]  GET /admin 200 in 329ms (compile: 55ms, proxy.ts: 13ms, render: 262ms)
[23:23:45] [FRONTEND]  GET /login 200 in 246ms (compile: 13ms, proxy.ts: 21ms, render: 213ms)
[23:23:45] [FRONTEND]  GET /admin 200 in 235ms (compile: 46ms, proxy.ts: 16ms, render: 173ms)
[23:23:45] [FRONTEND]  GET /login 200 in 120ms (compile: 13ms, proxy.ts: 10ms, render: 96ms)
[23:23:45] [FRONTEND]  GET /login 200 in 255ms (compile: 11ms, proxy.ts: 21ms, render: 223ms)
[23:23:45] [FRONTEND]  GET /admin 200 in 263ms (compile: 75ms, proxy.ts: 16ms, render: 172ms)
[23:23:45] [FRONTEND]  GET /login 200 in 234ms (compile: 9ms, proxy.ts: 13ms, render: 213ms)
[23:23:45] [FRONTEND]  GET /admin 200 in 235ms (compile: 39ms, proxy.ts: 14ms, render: 182ms)
[23:23:45] [FRONTEND]  GET /admin 200 in 328ms (compile: 14ms, proxy.ts: 15ms, render: 299ms)
[23:23:45] [FRONTEND]  GET /login 200 in 331ms (compile: 63ms, proxy.ts: 15ms, render: 254ms)
[23:23:45] [FRONTEND]  GET /admin 200 in 318ms (compile: 8ms, proxy.ts: 15ms, render: 295ms)
[23:23:45] [FRONTEND]  GET /login 200 in 320ms (compile: 40ms, proxy.ts: 15ms, render: 265ms)
[23:23:46] [FRONTEND]  GET /admin 200 in 335ms (compile: 9ms, proxy.ts: 20ms, render: 307ms)
[23:23:46] [FRONTEND]  GET /login 200 in 362ms (compile: 50ms, proxy.ts: 13ms, render: 300ms)
[23:23:46] [FRONTEND]  GET /admin 200 in 363ms (compile: 18ms, proxy.ts: 46ms, render: 300ms)
[23:23:46] [FRONTEND]  GET /login 200 in 361ms (compile: 52ms, proxy.ts: 17ms, render: 292ms)
[23:23:46] [FRONTEND]  GET /admin 200 in 359ms (compile: 13ms, proxy.ts: 52ms, render: 294ms)
[23:23:46] [FRONTEND]  GET /login 200 in 323ms (compile: 45ms, proxy.ts: 12ms, render: 265ms)
[23:23:46] [FRONTEND]  GET /admin 200 in 313ms (compile: 11ms, proxy.ts: 24ms, render: 279ms)
[23:23:46] [FRONTEND]  GET /login 200 in 311ms (compile: 47ms, proxy.ts: 22ms, render: 241ms)
[23:23:46] [FRONTEND]  GET /admin 200 in 216ms (compile: 10ms, proxy.ts: 15ms, render: 191ms)
[23:23:46] [FRONTEND]  GET /login 200 in 211ms (compile: 46ms, proxy.ts: 14ms, render: 151ms)
[23:23:46] [FRONTEND]  GET /admin 200 in 158ms (compile: 21ms, proxy.ts: 45ms, render: 92ms)
[23:23:46] [FRONTEND]  GET /login 200 in 118ms (compile: 47ms, proxy.ts: 14ms, render: 57ms)
[23:23:46] [FRONTEND]  GET /admin 200 in 138ms (compile: 53ms, proxy.ts: 14ms, render: 70ms)
[23:23:46] [FRONTEND]  GET /login 200 in 132ms (compile: 13ms, proxy.ts: 13ms, render: 106ms)
[23:23:46] [FRONTEND]  GET /admin 200 in 314ms (compile: 15ms, proxy.ts: 14ms, render: 285ms)
[23:23:46] [FRONTEND]  GET /login 200 in 319ms (compile: 52ms, proxy.ts: 14ms, render: 253ms)
[23:23:46] [FRONTEND]  GET /admin 200 in 318ms (compile: 9ms, proxy.ts: 17ms, render: 292ms)
[23:23:46] [FRONTEND]  GET /login 200 in 317ms (compile: 40ms, proxy.ts: 17ms, render: 260ms)
[23:23:46] [FRONTEND]  GET /admin 200 in 319ms (compile: 9ms, proxy.ts: 12ms, render: 298ms)
[23:23:46] [FRONTEND]  GET /login 200 in 321ms (compile: 41ms, proxy.ts: 13ms, render: 267ms)
[23:23:47] [FRONTEND]  GET /admin 200 in 326ms (compile: 12ms, proxy.ts: 15ms, render: 299ms)
[23:23:47] [FRONTEND]  GET /login 200 in 331ms (compile: 43ms, proxy.ts: 17ms, render: 272ms)
[23:23:47] [FRONTEND]  GET /admin 200 in 330ms (compile: 15ms, proxy.ts: 20ms, render: 295ms)
[23:23:47] [FRONTEND]  GET /login 200 in 323ms (compile: 44ms, proxy.ts: 14ms, render: 265ms)
[23:23:47] [FRONTEND]  GET /admin 200 in 361ms (compile: 12ms, proxy.ts: 14ms, render: 335ms)
[23:23:47] [FRONTEND]  GET /login 200 in 376ms (compile: 43ms, proxy.ts: 15ms, render: 318ms)
[23:23:47] [FRONTEND]  GET /login 200 in 292ms (compile: 14ms, proxy.ts: 14ms, render: 263ms)
[23:23:47] [FRONTEND]  GET /admin 200 in 300ms (compile: 58ms, proxy.ts: 15ms, render: 227ms)
[23:23:47] [FRONTEND]  GET /login 200 in 191ms (compile: 11ms, proxy.ts: 17ms, render: 162ms)
[23:23:47] [FRONTEND]  GET /admin 200 in 190ms (compile: 44ms, proxy.ts: 19ms, render: 128ms)
[23:23:47] [FRONTEND]  GET /login 200 in 559ms (compile: 114ms, proxy.ts: 39ms, render: 406ms)
[23:23:47] [FRONTEND]  GET /login 200 in 158ms (compile: 90ms, proxy.ts: 18ms, render: 49ms)
[23:23:47] [FRONTEND]  GET /admin 200 in 646ms (compile: 58ms, proxy.ts: 39ms, render: 550ms)
[23:23:48] [FRONTEND]  GET /login 200 in 700ms (compile: 24ms, proxy.ts: 39ms, render: 637ms)
[23:23:48] [FRONTEND]  GET /admin 200 in 310ms (compile: 9ms, proxy.ts: 19ms, render: 282ms)
[23:23:48] [FRONTEND]  GET /admin 200 in 211ms (compile: 19ms, proxy.ts: 18ms, render: 174ms)
[23:23:48] [FRONTEND]  GET /admin 200 in 150ms (compile: 15ms, proxy.ts: 14ms, render: 121ms)
[23:23:48] [FRONTEND]  GET /admin 200 in 96ms (compile: 9ms, proxy.ts: 15ms, render: 73ms)
[23:23:48] [FRONTEND]  GET /admin 200 in 177ms (compile: 27ms, proxy.ts: 12ms, render: 138ms)
[23:23:48] [FRONTEND]  GET /admin 200 in 160ms (compile: 5ms, proxy.ts: 8ms, render: 146ms)
[23:23:48] [FRONTEND]  GET /admin 200 in 169ms (compile: 6ms, proxy.ts: 10ms, render: 152ms)
[23:23:48] [FRONTEND]  GET /admin 200 in 171ms (compile: 13ms, proxy.ts: 9ms, render: 149ms)
[23:23:48] [FRONTEND]  GET /admin 200 in 164ms (compile: 9ms, proxy.ts: 11ms, render: 144ms)
[23:23:48] [FRONTEND]  GET /admin 200 in 159ms (compile: 7ms, proxy.ts: 11ms, render: 141ms)
[23:23:48] [FRONTEND]  GET /admin 200 in 160ms (compile: 6ms, proxy.ts: 12ms, render: 142ms)
[23:23:48] [FRONTEND]  GET /admin 200 in 170ms (compile: 6ms, proxy.ts: 9ms, render: 156ms)
[23:23:48] [FRONTEND]  GET /admin 200 in 197ms (compile: 7ms, proxy.ts: 10ms, render: 180ms)
[23:23:48] [FRONTEND]  GET /admin 200 in 204ms (compile: 8ms, proxy.ts: 12ms, render: 184ms)
[23:23:48] [FRONTEND]  GET /admin 200 in 162ms (compile: 11ms, proxy.ts: 13ms, render: 138ms)
[23:23:48] [FRONTEND]  GET /admin 200 in 117ms (compile: 20ms, proxy.ts: 21ms, render: 76ms)
[23:23:48] [FRONTEND]  GET /admin 200 in 125ms (compile: 46ms, proxy.ts: 9ms, render: 70ms)
[23:23:49] [FRONTEND]  GET /admin 200 in 175ms (compile: 16ms, proxy.ts: 8ms, render: 150ms)
[23:23:50] [FRONTEND]  GET /admin 404 in 1392ms (compile: 888ms, proxy.ts: 19ms, render: 485ms)
[23:23:50] [FRONTEND]  GET /admin 200 in 484ms (compile: 193ms, proxy.ts: 75ms, render: 216ms)
[23:23:50] [FRONTEND]  GET /admin 200 in 196ms (compile: 6ms, proxy.ts: 9ms, render: 181ms)
[23:23:50] [FRONTEND]  GET /admin 200 in 149ms (compile: 7ms, proxy.ts: 17ms, render: 124ms)
[23:23:50] [FRONTEND]  GET /admin 200 in 186ms (compile: 8ms, proxy.ts: 15ms, render: 163ms)
[23:23:51] [FRONTEND]  GET /admin 200 in 541ms (compile: 15ms, proxy.ts: 25ms, render: 501ms)
[23:23:51] [FRONTEND]  GET /admin 200 in 632ms (compile: 11ms, proxy.ts: 8ms, render: 613ms)
[23:23:51] [FRONTEND]  GET /admin 200 in 641ms (compile: 58ms, proxy.ts: 25ms, render: 558ms)
[23:23:53] [BACKEND] INFO:     127.0.0.1:0 - "GET /users/me HTTP/1.1" 200 OK
[23:23:53] [FRONTEND]  GET /api/users/me 200 in 326ms (compile: 59ms, render: 267ms)
[23:23:54] [BACKEND] INFO:     127.0.0.1:0 - "GET /platform/settings HTTP/1.1" 200 OK
[23:23:54] [FRONTEND]  GET /api/platform/settings 200 in 88ms (compile: 3ms, render: 86ms)
[23:23:54] [BACKEND] INFO:     127.0.0.1:0 - "GET /platform/settings HTTP/1.1" 200 OK
[23:23:54] [FRONTEND]  GET /api/platform/settings 200 in 61ms (compile: 3ms, render: 58ms)
[23:23:54] [BACKEND] INFO:     127.0.0.1:0 - "GET /users/me HTTP/1.1" 200 OK
[23:23:54] [FRONTEND]  GET /api/users/me 200 in 132ms (compile: 7ms, render: 126ms)
[23:23:54] [BACKEND] INFO:     127.0.0.1:0 - "GET /users/me HTTP/1.1" 200 OK
[23:23:54] [FRONTEND]  GET /api/users/me 200 in 101ms (compile: 3ms, render: 98ms)
[23:23:55] [BACKEND] INFO:     127.0.0.1:0 - "GET /stats/dashboard HTTP/1.1" 200 OK
[23:23:55] [FRONTEND]  GET /api/stats/dashboard 200 in 1328ms (compile: 3ms, render: 1325ms)
[23:23:56] [FRONTEND]  GET /login 200 in 337ms (compile: 156ms, proxy.ts: 52ms, render: 129ms)
[23:23:56] [FRONTEND]  GET /login 200 in 82ms (compile: 6ms, proxy.ts: 9ms, render: 67ms)
[23:23:56] [FRONTEND]  GET /login 200 in 110ms (compile: 33ms, proxy.ts: 17ms, render: 60ms)
[23:23:56] [BACKEND] INFO:     127.0.0.1:0 - "GET /stats/dashboard HTTP/1.1" 200 OK
[23:23:56] [FRONTEND]  GET /api/stats/dashboard 200 in 1265ms (compile: 64ms, render: 1200ms)
[23:23:56] [FRONTEND]  GET /login 200 in 423ms (compile: 10ms, proxy.ts: 7ms, render: 406ms)
[23:23:56] [FRONTEND]  GET /login 200 in 405ms (compile: 6ms, proxy.ts: 9ms, render: 390ms)
[23:23:56] [FRONTEND]  GET /admin 200 in 359ms (compile: 209ms, proxy.ts: 8ms, render: 141ms)
[23:23:57] [FRONTEND]  GET /login 200 in 310ms (compile: 43ms, proxy.ts: 16ms, render: 251ms)
[23:23:57] [FRONTEND]  GET /admin 200 in 322ms (compile: 89ms, proxy.ts: 18ms, render: 215ms)
[23:23:57] [FRONTEND]  GET /login 200 in 190ms (compile: 21ms, proxy.ts: 14ms, render: 155ms)
[23:23:57] [FRONTEND]  GET /admin 200 in 190ms (compile: 48ms, proxy.ts: 23ms, render: 119ms)
[23:23:57] [FRONTEND]  GET /admin 200 in 190ms (compile: 7ms, proxy.ts: 11ms, render: 172ms)
[23:23:57] [FRONTEND]  GET /login 200 in 340ms (compile: 16ms, proxy.ts: 17ms, render: 306ms)
[23:23:57] [FRONTEND]  GET /admin 200 in 348ms (compile: 57ms, proxy.ts: 15ms, render: 277ms)
[23:23:57] [FRONTEND]  GET /admin 200 in 326ms (compile: 46ms, proxy.ts: 15ms, render: 265ms)
[23:23:57] [FRONTEND]  GET /login 200 in 330ms (compile: 11ms, proxy.ts: 13ms, render: 305ms)
[23:23:57] [FRONTEND]  GET /login 200 in 334ms (compile: 8ms, proxy.ts: 14ms, render: 312ms)
[23:23:57] [FRONTEND]  GET /admin 200 in 333ms (compile: 41ms, proxy.ts: 14ms, render: 278ms)
[23:23:57] [FRONTEND]  GET /login 200 in 241ms (compile: 14ms, proxy.ts: 15ms, render: 212ms)
[23:23:57] [FRONTEND]  GET /admin 200 in 240ms (compile: 45ms, proxy.ts: 16ms, render: 178ms)
[23:23:57] [FRONTEND]  GET /login 200 in 139ms (compile: 27ms, proxy.ts: 12ms, render: 100ms)
[23:23:57] [FRONTEND]  GET /login 200 in 250ms (compile: 19ms, proxy.ts: 11ms, render: 220ms)
[23:23:57] [FRONTEND]  GET /admin 200 in 356ms (compile: 77ms, proxy.ts: 91ms, render: 187ms)
[23:23:58] [FRONTEND]  GET /login 200 in 284ms (compile: 52ms, proxy.ts: 12ms, render: 220ms)
[23:23:58] [FRONTEND]  GET /admin 200 in 283ms (compile: 13ms, proxy.ts: 12ms, render: 258ms)
[23:23:58] [FRONTEND]  GET /login 200 in 256ms (compile: 13ms, proxy.ts: 14ms, render: 229ms)
[23:23:58] [FRONTEND]  GET /admin 200 in 263ms (compile: 51ms, proxy.ts: 15ms, render: 197ms)
[23:23:58] [FRONTEND]  GET /login 200 in 247ms (compile: 22ms, proxy.ts: 15ms, render: 209ms)
[23:23:58] [FRONTEND]  GET /admin 200 in 247ms (compile: 57ms, proxy.ts: 15ms, render: 175ms)
[23:23:58] [FRONTEND]  GET /login 200 in 350ms (compile: 73ms, proxy.ts: 21ms, render: 257ms)
[23:23:58] [FRONTEND]  GET /admin 200 in 338ms (compile: 34ms, proxy.ts: 12ms, render: 292ms)
[23:23:58] [FRONTEND]  GET /admin 200 in 330ms (compile: 8ms, proxy.ts: 15ms, render: 307ms)
[23:23:58] [FRONTEND]  GET /login 200 in 328ms (compile: 40ms, proxy.ts: 14ms, render: 275ms)
[23:23:58] [FRONTEND]  GET /login 200 in 340ms (compile: 47ms, proxy.ts: 15ms, render: 278ms)
[23:23:58] [FRONTEND]  GET /admin 200 in 344ms (compile: 8ms, proxy.ts: 15ms, render: 321ms)
[23:23:58] [FRONTEND]  GET /admin 200 in 363ms (compile: 8ms, proxy.ts: 16ms, render: 340ms)
[23:23:58] [FRONTEND]  GET /login 200 in 367ms (compile: 45ms, proxy.ts: 15ms, render: 307ms)
[23:23:58] [FRONTEND]  GET /admin 200 in 282ms (compile: 12ms, proxy.ts: 17ms, render: 253ms)
[23:23:58] [FRONTEND]  GET /login 200 in 276ms (compile: 40ms, proxy.ts: 15ms, render: 221ms)
[23:23:58] [FRONTEND]  GET /login 200 in 277ms (compile: 12ms, proxy.ts: 15ms, render: 250ms)
[23:23:58] [FRONTEND]  GET /admin 200 in 290ms (compile: 65ms, proxy.ts: 21ms, render: 203ms)
[23:23:59] [FRONTEND]  GET /login 200 in 378ms (compile: 66ms, proxy.ts: 24ms, render: 288ms)
[23:23:59] [FRONTEND]  GET /admin 200 in 377ms (compile: 16ms, proxy.ts: 24ms, render: 336ms)
[23:23:59] [FRONTEND]  GET /admin 200 in 316ms (compile: 9ms, proxy.ts: 21ms, render: 286ms)
[23:23:59] [FRONTEND]  GET /login 200 in 317ms (compile: 61ms, proxy.ts: 20ms, render: 236ms)
[23:23:59] [FRONTEND]  GET /admin 200 in 215ms (compile: 20ms, proxy.ts: 16ms, render: 179ms)
[23:23:59] [FRONTEND]  GET /login 200 in 204ms (compile: 51ms, proxy.ts: 19ms, render: 134ms)
[23:23:59] [FRONTEND]  GET /login 200 in 96ms (compile: 10ms, proxy.ts: 13ms, render: 73ms)
[23:23:59] [FRONTEND]  GET /login 200 in 143ms (compile: 10ms, proxy.ts: 25ms, render: 108ms)
[23:23:59] [FRONTEND]  GET /login 200 in 135ms (compile: 7ms, proxy.ts: 10ms, render: 119ms)
[23:23:59] [FRONTEND]  GET /login 200 in 203ms (compile: 7ms, proxy.ts: 9ms, render: 188ms)
[23:23:59] [FRONTEND]  GET /login 200 in 190ms (compile: 8ms, proxy.ts: 9ms, render: 173ms)
[23:23:59] [FRONTEND]  GET /login 200 in 149ms (compile: 7ms, proxy.ts: 10ms, render: 133ms)
[23:23:59] [FRONTEND]  GET /login 200 in 151ms (compile: 5ms, proxy.ts: 8ms, render: 138ms)
[23:23:59] [FRONTEND]  GET /login 200 in 116ms (compile: 6ms, proxy.ts: 8ms, render: 102ms)
[23:23:59] [FRONTEND]  GET /login 200 in 104ms (compile: 5ms, proxy.ts: 7ms, render: 91ms)
[23:23:59] [FRONTEND]  GET /login 200 in 108ms (compile: 6ms, proxy.ts: 7ms, render: 95ms)
[23:23:59] [FRONTEND]  GET /login 200 in 110ms (compile: 8ms, proxy.ts: 8ms, render: 94ms)
[23:23:59] [FRONTEND]  GET /login 200 in 157ms (compile: 9ms, proxy.ts: 8ms, render: 140ms)
[23:23:59] [FRONTEND]  GET /login 200 in 118ms (compile: 16ms, proxy.ts: 8ms, render: 94ms)
[23:23:59] [FRONTEND]  GET /login 200 in 111ms (compile: 5ms, proxy.ts: 7ms, render: 98ms)
[23:24:00] [FRONTEND]  GET /login 200 in 146ms (compile: 6ms, proxy.ts: 10ms, render: 130ms)
[23:24:00] [FRONTEND]  GET /login 200 in 149ms (compile: 5ms, proxy.ts: 9ms, render: 134ms)
[23:24:00] [FRONTEND]  GET /login 200 in 170ms (compile: 6ms, proxy.ts: 8ms, render: 157ms)
[23:24:00] [FRONTEND]  GET /login 200 in 140ms (compile: 6ms, proxy.ts: 9ms, render: 125ms)
[23:24:00] [FRONTEND]  GET /login 200 in 172ms (compile: 5ms, proxy.ts: 7ms, render: 160ms)
[23:24:00] [FRONTEND]  GET /login 200 in 181ms (compile: 28ms, proxy.ts: 9ms, render: 144ms)
[23:24:00] [FRONTEND]  GET /login 200 in 169ms (compile: 17ms, proxy.ts: 7ms, render: 145ms)
[23:24:00] [FRONTEND]  GET /login 200 in 256ms (compile: 31ms, proxy.ts: 8ms, render: 217ms)
[23:24:00] [FRONTEND]  GET /login 200 in 222ms (compile: 36ms, proxy.ts: 46ms, render: 141ms)
[23:24:00] [FRONTEND]  GET /login 200 in 153ms (compile: 8ms, proxy.ts: 15ms, render: 130ms)
[23:24:00] [FRONTEND]  GET /login 200 in 174ms (compile: 11ms, proxy.ts: 16ms, render: 146ms)
[23:24:00] [FRONTEND]  GET /login 200 in 124ms (compile: 7ms, proxy.ts: 8ms, render: 108ms)
[23:24:00] [FRONTEND]  GET /login 200 in 120ms (compile: 6ms, proxy.ts: 8ms, render: 107ms)
[23:24:01] [FRONTEND]  GET /login 200 in 115ms (compile: 12ms, proxy.ts: 10ms, render: 94ms)
[23:24:01] [FRONTEND]  GET /login 200 in 226ms (compile: 8ms, proxy.ts: 10ms, render: 209ms)
[23:24:01] [FRONTEND]  GET /login 200 in 297ms (compile: 7ms, proxy.ts: 7ms, render: 282ms)
[23:24:01] [FRONTEND]  GET /admin 200 in 309ms (compile: 10ms, proxy.ts: 14ms, render: 285ms)
[23:24:01] [FRONTEND]  GET /login 200 in 309ms (compile: 45ms, proxy.ts: 14ms, render: 250ms)
[23:24:01] [FRONTEND]  GET /admin 200 in 212ms (compile: 24ms, proxy.ts: 23ms, render: 165ms)
[23:24:01] [FRONTEND]  GET /login 200 in 212ms (compile: 59ms, proxy.ts: 23ms, render: 130ms)
[23:24:01] [BACKEND] INFO:     127.0.0.1:0 - "GET /users/me HTTP/1.1" 200 OK
[23:24:01] [FRONTEND]  GET /api/users/me 200 in 258ms (compile: 11ms, render: 247ms)
[23:24:01] [FRONTEND]  GET /admin 200 in 356ms (compile: 117ms, proxy.ts: 15ms, render: 224ms)
[23:24:01] [FRONTEND]  GET /login 200 in 352ms (compile: 42ms, proxy.ts: 51ms, render: 259ms)
[23:24:01] [FRONTEND]  GET /login 200 in 214ms (compile: 7ms, proxy.ts: 7ms, render: 199ms)
[23:24:01] [FRONTEND]  GET /login 200 in 233ms (compile: 7ms, proxy.ts: 20ms, render: 205ms)
[23:24:01] [FRONTEND]  GET /admin 200 in 244ms (compile: 47ms, proxy.ts: 23ms, render: 174ms)
[23:24:01] [FRONTEND]  GET /admin 200 in 264ms (compile: 11ms, proxy.ts: 26ms, render: 227ms)
[23:24:01] [FRONTEND]  GET /login 200 in 268ms (compile: 53ms, proxy.ts: 26ms, render: 189ms)
[23:24:02] [FRONTEND]  GET /login 200 in 334ms (compile: 19ms, proxy.ts: 16ms, render: 298ms)
[23:24:02] [FRONTEND]  GET /admin 200 in 342ms (compile: 56ms, proxy.ts: 16ms, render: 270ms)
[23:24:02] [FRONTEND]  GET /login 200 in 312ms (compile: 52ms, proxy.ts: 17ms, render: 242ms)
[23:24:02] [FRONTEND]  GET /admin 200 in 313ms (compile: 13ms, proxy.ts: 17ms, render: 284ms)
[23:24:02] [FRONTEND]  GET /admin 200 in 212ms (compile: 8ms, proxy.ts: 14ms, render: 190ms)
[23:24:02] [FRONTEND]  GET /login 200 in 210ms (compile: 38ms, proxy.ts: 13ms, render: 159ms)
[23:24:02] [FRONTEND]  GET /login 200 in 113ms (compile: 40ms, proxy.ts: 15ms, render: 58ms)
[23:24:02] [FRONTEND]  GET /admin 200 in 116ms (compile: 10ms, proxy.ts: 15ms, render: 92ms)
[23:24:02] [FRONTEND]  GET /login 200 in 294ms (compile: 11ms, proxy.ts: 14ms, render: 269ms)
[23:24:02] [FRONTEND]  GET /admin 200 in 300ms (compile: 47ms, proxy.ts: 14ms, render: 239ms)
[23:24:02] [FRONTEND]  GET /admin 200 in 286ms (compile: 36ms, proxy.ts: 11ms, render: 239ms)
[23:24:02] [FRONTEND]  GET /login 200 in 289ms (compile: 8ms, proxy.ts: 11ms, render: 270ms)
[23:24:02] [FRONTEND]  GET /admin 200 in 311ms (compile: 38ms, proxy.ts: 14ms, render: 258ms)
[23:24:02] [FRONTEND]  GET /login 200 in 314ms (compile: 9ms, proxy.ts: 14ms, render: 291ms)
[23:24:02] [FRONTEND]  GET /login 200 in 302ms (compile: 11ms, proxy.ts: 13ms, render: 278ms)
[23:24:02] [FRONTEND]  GET /admin 200 in 301ms (compile: 39ms, proxy.ts: 13ms, render: 249ms)
[23:24:02] [FRONTEND]  GET /admin 200 in 303ms (compile: 41ms, proxy.ts: 13ms, render: 249ms)
[23:24:02] [FRONTEND]  GET /login 200 in 306ms (compile: 10ms, proxy.ts: 13ms, render: 283ms)
[23:24:02] [FRONTEND]  GET /admin 200 in 295ms (compile: 40ms, proxy.ts: 22ms, render: 233ms)
[23:24:02] [FRONTEND]  GET /login 200 in 299ms (compile: 12ms, proxy.ts: 22ms, render: 265ms)
[23:24:03] [FRONTEND]  GET /admin 200 in 299ms (compile: 41ms, proxy.ts: 12ms, render: 246ms)
[23:24:03] [FRONTEND]  GET /login 200 in 302ms (compile: 12ms, proxy.ts: 12ms, render: 279ms)
[23:24:03] [FRONTEND]  GET /login 200 in 294ms (compile: 8ms, proxy.ts: 16ms, render: 270ms)
[23:24:03] [FRONTEND]  GET /admin 200 in 295ms (compile: 38ms, proxy.ts: 16ms, render: 242ms)
[23:24:03] [FRONTEND]  GET /login 200 in 305ms (compile: 14ms, proxy.ts: 15ms, render: 277ms)
[23:24:03] [FRONTEND]  GET /admin 200 in 300ms (compile: 39ms, proxy.ts: 16ms, render: 246ms)
[23:24:03] [FRONTEND]  GET /login 200 in 289ms (compile: 12ms, proxy.ts: 14ms, render: 263ms)
[23:24:03] [FRONTEND]  GET /admin 200 in 292ms (compile: 42ms, proxy.ts: 14ms, render: 236ms)
[23:24:03] [FRONTEND]  GET /admin 200 in 287ms (compile: 38ms, proxy.ts: 13ms, render: 236ms)
[23:24:03] [FRONTEND]  GET /login 200 in 291ms (compile: 10ms, proxy.ts: 13ms, render: 268ms)
[23:24:03] [FRONTEND]  GET /login 200 in 303ms (compile: 10ms, proxy.ts: 13ms, render: 280ms)
[23:24:03] [FRONTEND]  GET /admin 200 in 303ms (compile: 39ms, proxy.ts: 12ms, render: 252ms)
[23:24:03] [FRONTEND]  GET /login 200 in 323ms (compile: 10ms, proxy.ts: 14ms, render: 299ms)
[23:24:03] [FRONTEND]  GET /admin 200 in 324ms (compile: 38ms, proxy.ts: 13ms, render: 273ms)
[23:24:03] [FRONTEND]  GET /login 200 in 269ms (compile: 12ms, proxy.ts: 13ms, render: 244ms)
[23:24:03] [FRONTEND]  GET /admin 200 in 265ms (compile: 60ms, proxy.ts: 12ms, render: 192ms)
[23:24:03] [FRONTEND]  GET /login 200 in 168ms (compile: 8ms, proxy.ts: 18ms, render: 142ms)
[23:24:03] [FRONTEND]  GET /admin 200 in 166ms (compile: 40ms, proxy.ts: 15ms, render: 111ms)
[23:24:04] [FRONTEND]  GET /login 200 in 720ms (compile: 474ms, proxy.ts: 20ms, render: 227ms)
[23:24:04] [FRONTEND]  GET /admin 200 in 691ms (compile: 413ms, proxy.ts: 17ms, render: 261ms)
[23:24:04] [FRONTEND]  GET /login 200 in 299ms (compile: 37ms, proxy.ts: 13ms, render: 249ms)
[23:24:04] [FRONTEND]  GET /admin 200 in 302ms (compile: 8ms, proxy.ts: 12ms, render: 282ms)
[23:24:04] [FRONTEND]  GET /admin 200 in 304ms (compile: 8ms, proxy.ts: 12ms, render: 284ms)
[23:24:04] [FRONTEND]  GET /login 200 in 303ms (compile: 40ms, proxy.ts: 12ms, render: 252ms)
[23:24:04] [FRONTEND]  GET /admin 200 in 314ms (compile: 9ms, proxy.ts: 18ms, render: 287ms)
[23:24:04] [FRONTEND]  GET /login 200 in 317ms (compile: 43ms, proxy.ts: 17ms, render: 257ms)
[23:24:04] [FRONTEND]  GET /admin 200 in 305ms (compile: 11ms, proxy.ts: 14ms, render: 279ms)
[23:24:04] [FRONTEND]  GET /login 200 in 343ms (compile: 46ms, proxy.ts: 13ms, render: 284ms)
[23:24:04] [FRONTEND]  GET /admin 200 in 349ms (compile: 15ms, proxy.ts: 45ms, render: 289ms)
[23:24:04] [FRONTEND]  GET /login 200 in 316ms (compile: 48ms, proxy.ts: 13ms, render: 255ms)
[23:24:04] [FRONTEND]  GET /admin 200 in 358ms (compile: 15ms, proxy.ts: 46ms, render: 297ms)
[23:24:04] [FRONTEND]  GET /login 200 in 321ms (compile: 44ms, proxy.ts: 13ms, render: 263ms)
[23:24:05] [FRONTEND]  GET /admin 200 in 325ms (compile: 14ms, proxy.ts: 15ms, render: 296ms)
[23:24:05] [FRONTEND]  GET /login 200 in 359ms (compile: 51ms, proxy.ts: 16ms, render: 292ms)
[23:24:05] [FRONTEND]  GET /admin 200 in 315ms (compile: 16ms, proxy.ts: 17ms, render: 283ms)
[23:24:05] [FRONTEND]  GET /login 200 in 310ms (compile: 46ms, proxy.ts: 14ms, render: 250ms)
[23:24:05] [FRONTEND]  GET /admin 200 in 304ms (compile: 12ms, proxy.ts: 16ms, render: 276ms)
[23:24:05] [FRONTEND]  GET /login 200 in 306ms (compile: 52ms, proxy.ts: 13ms, render: 240ms)
[23:24:05] [FRONTEND]  GET /admin 200 in 324ms (compile: 14ms, proxy.ts: 43ms, render: 267ms)
[23:24:05] [FRONTEND]  GET /login 200 in 302ms (compile: 45ms, proxy.ts: 14ms, render: 243ms)
[23:24:05] [FRONTEND]  GET /admin 200 in 331ms (compile: 14ms, proxy.ts: 44ms, render: 273ms)
[23:24:05] [FRONTEND]  GET /login 200 in 299ms (compile: 49ms, proxy.ts: 14ms, render: 236ms)
[23:24:05] [FRONTEND]  GET /admin 200 in 330ms (compile: 15ms, proxy.ts: 43ms, render: 271ms)
[23:24:05] [FRONTEND]  GET /login 200 in 297ms (compile: 41ms, proxy.ts: 13ms, render: 243ms)
[23:24:05] [FRONTEND]  GET /admin 200 in 295ms (compile: 18ms, proxy.ts: 14ms, render: 263ms)
[23:24:05] [FRONTEND]  GET /login 200 in 299ms (compile: 48ms, proxy.ts: 14ms, render: 237ms)
[23:24:05] [FRONTEND]  GET /admin 200 in 214ms (compile: 10ms, proxy.ts: 16ms, render: 189ms)
[23:24:05] [FRONTEND]  GET /login 200 in 209ms (compile: 44ms, proxy.ts: 13ms, render: 153ms)
[23:24:05] [FRONTEND]  GET /admin 200 in 127ms (compile: 11ms, proxy.ts: 19ms, render: 96ms)
[23:24:05] [FRONTEND]  GET /login 200 in 118ms (compile: 39ms, proxy.ts: 13ms, render: 65ms)
[23:24:05] [FRONTEND]  GET /login 200 in 336ms (compile: 25ms, proxy.ts: 16ms, render: 294ms)
[23:24:05] [FRONTEND]  GET /admin 200 in 340ms (compile: 78ms, proxy.ts: 18ms, render: 244ms)
[23:24:06] [FRONTEND]  GET /admin 200 in 301ms (compile: 9ms, proxy.ts: 15ms, render: 277ms)
[23:24:06] [FRONTEND]  GET /login 200 in 304ms (compile: 48ms, proxy.ts: 15ms, render: 241ms)
[23:24:06] [FRONTEND]  GET /login 200 in 293ms (compile: 37ms, proxy.ts: 12ms, render: 245ms)
[23:24:06] [FRONTEND]  GET /admin 200 in 296ms (compile: 7ms, proxy.ts: 12ms, render: 277ms)
[23:24:06] [FRONTEND]  GET /login 200 in 273ms (compile: 38ms, proxy.ts: 17ms, render: 218ms)
[23:24:06] [FRONTEND]  GET /admin 200 in 280ms (compile: 9ms, proxy.ts: 19ms, render: 252ms)
[23:24:06] [FRONTEND]  GET /admin 200 in 272ms (compile: 10ms, proxy.ts: 14ms, render: 248ms)
[23:24:06] [FRONTEND]  GET /login 200 in 278ms (compile: 39ms, proxy.ts: 13ms, render: 225ms)
[23:24:06] [FRONTEND]  GET /admin 200 in 276ms (compile: 11ms, proxy.ts: 18ms, render: 247ms)
[23:24:06] [FRONTEND]  GET /login 200 in 270ms (compile: 36ms, proxy.ts: 13ms, render: 221ms)
[23:24:06] [FRONTEND]  GET /login 200 in 279ms (compile: 36ms, proxy.ts: 14ms, render: 229ms)
[23:24:06] [FRONTEND]  GET /admin 200 in 283ms (compile: 8ms, proxy.ts: 15ms, render: 260ms)
[23:24:06] [FRONTEND]  GET /login 200 in 269ms (compile: 38ms, proxy.ts: 13ms, render: 218ms)
[23:24:06] [FRONTEND]  GET /admin 200 in 272ms (compile: 9ms, proxy.ts: 13ms, render: 250ms)
[23:24:06] [FRONTEND]  GET /admin 200 in 280ms (compile: 9ms, proxy.ts: 14ms, render: 257ms)
[23:24:06] [FRONTEND]  GET /login 200 in 285ms (compile: 39ms, proxy.ts: 14ms, render: 231ms)
[23:24:06] [FRONTEND]  GET /admin 200 in 275ms (compile: 10ms, proxy.ts: 13ms, render: 252ms)
[23:24:06] [FRONTEND]  GET /login 200 in 277ms (compile: 40ms, proxy.ts: 10ms, render: 226ms)
[23:24:06] [FRONTEND]  GET /admin 200 in 284ms (compile: 11ms, proxy.ts: 13ms, render: 260ms)
[23:24:06] [FRONTEND]  GET /login 200 in 283ms (compile: 46ms, proxy.ts: 13ms, render: 225ms)
[23:24:06] [FRONTEND]  GET /admin 200 in 316ms (compile: 14ms, proxy.ts: 44ms, render: 257ms)
[23:24:06] [FRONTEND]  GET /login 200 in 282ms (compile: 39ms, proxy.ts: 13ms, render: 230ms)
[23:24:07] [FRONTEND]  GET /admin 200 in 291ms (compile: 14ms, proxy.ts: 13ms, render: 265ms)
[23:24:07] [FRONTEND]  GET /login 200 in 288ms (compile: 47ms, proxy.ts: 13ms, render: 227ms)
[23:24:07] [FRONTEND]  GET /admin 200 in 277ms (compile: 11ms, proxy.ts: 14ms, render: 252ms)
[23:24:07] [FRONTEND]  GET /login 200 in 278ms (compile: 39ms, proxy.ts: 13ms, render: 226ms)
[23:24:07] [FRONTEND]  GET /admin 200 in 284ms (compile: 14ms, proxy.ts: 16ms, render: 254ms)
[23:24:07] [FRONTEND]  GET /login 200 in 282ms (compile: 47ms, proxy.ts: 16ms, render: 218ms)
[23:24:07] [FRONTEND]  GET /admin 200 in 281ms (compile: 11ms, proxy.ts: 14ms, render: 256ms)
[23:24:07] [FRONTEND]  GET /login 200 in 279ms (compile: 36ms, proxy.ts: 13ms, render: 230ms)
[23:24:07] [FRONTEND]  GET /admin 200 in 279ms (compile: 14ms, proxy.ts: 14ms, render: 251ms)
[23:24:07] [FRONTEND]  GET /login 200 in 277ms (compile: 40ms, proxy.ts: 15ms, render: 222ms)
[23:24:07] [FRONTEND]  GET /login 200 in 279ms (compile: 38ms, proxy.ts: 15ms, render: 225ms)
[23:24:07] [FRONTEND]  GET /admin 200 in 283ms (compile: 9ms, proxy.ts: 14ms, render: 260ms)
[23:24:07] [FRONTEND]  GET /login 200 in 268ms (compile: 36ms, proxy.ts: 13ms, render: 219ms)
[23:24:07] [FRONTEND]  GET /admin 200 in 272ms (compile: 8ms, proxy.ts: 13ms, render: 250ms)
[23:24:07] [FRONTEND]  GET /admin 200 in 313ms (compile: 10ms, proxy.ts: 13ms, render: 290ms)
[23:24:07] [FRONTEND]  GET /login 200 in 314ms (compile: 38ms, proxy.ts: 14ms, render: 262ms)
[23:24:07] [FRONTEND]  GET /admin 200 in 294ms (compile: 9ms, proxy.ts: 13ms, render: 272ms)
[23:24:07] [FRONTEND]  GET /login 200 in 297ms (compile: 36ms, proxy.ts: 14ms, render: 247ms)
[23:24:07] [FRONTEND]  GET /admin 200 in 239ms (compile: 9ms, proxy.ts: 15ms, render: 215ms)
[23:24:07] [FRONTEND]  GET /login 200 in 238ms (compile: 41ms, proxy.ts: 15ms, render: 183ms)
[23:24:08] [FRONTEND]  GET /admin 200 in 333ms (compile: 18ms, proxy.ts: 11ms, render: 303ms)
[23:24:08] [FRONTEND]  GET /admin 200 in 270ms (compile: 17ms, proxy.ts: 13ms, render: 241ms)
[23:24:08] [FRONTEND]  GET /login 200 in 345ms (compile: 74ms, proxy.ts: 78ms, render: 193ms)
[23:24:08] [FRONTEND]  GET /admin 200 in 192ms (compile: 8ms, proxy.ts: 18ms, render: 166ms)
[23:24:08] [FRONTEND]  GET /login 200 in 203ms (compile: 40ms, proxy.ts: 19ms, render: 144ms)
[23:24:08] [FRONTEND]  GET /admin 200 in 235ms (compile: 57ms, proxy.ts: 10ms, render: 168ms)
[23:24:08] [FRONTEND]  GET /login 200 in 223ms (compile: 12ms, proxy.ts: 10ms, render: 201ms)
[23:24:08] [FRONTEND]  GET /login 200 in 175ms (compile: 7ms, proxy.ts: 11ms, render: 157ms)
[23:24:08] [FRONTEND]  GET /admin 200 in 176ms (compile: 36ms, proxy.ts: 11ms, render: 129ms)
[23:24:08] [FRONTEND]  GET /admin 200 in 144ms (compile: 6ms, proxy.ts: 7ms, render: 131ms)
[23:24:08] [FRONTEND]  GET /admin 200 in 115ms (compile: 5ms, proxy.ts: 9ms, render: 101ms)
[23:24:08] [FRONTEND]  GET /admin 200 in 105ms (compile: 5ms, proxy.ts: 8ms, render: 92ms)
[23:24:08] [FRONTEND]  GET /admin 200 in 147ms (compile: 10ms, proxy.ts: 8ms, render: 129ms)
[23:24:08] [FRONTEND]  GET /admin 200 in 139ms (compile: 6ms, proxy.ts: 9ms, render: 125ms)
[23:24:08] [FRONTEND]  GET /admin 200 in 136ms (compile: 5ms, proxy.ts: 13ms, render: 118ms)
[23:24:08] [FRONTEND]  GET /admin 200 in 124ms (compile: 5ms, proxy.ts: 7ms, render: 112ms)
[23:24:08] [FRONTEND]  GET /admin 200 in 97ms (compile: 5ms, proxy.ts: 7ms, render: 85ms)
[23:24:08] [FRONTEND]  GET /admin 200 in 94ms (compile: 5ms, proxy.ts: 7ms, render: 82ms)
[23:24:08] [FRONTEND]  GET /admin 200 in 89ms (compile: 6ms, proxy.ts: 7ms, render: 77ms)
[23:24:08] [FRONTEND]  GET /admin 200 in 131ms (compile: 6ms, proxy.ts: 6ms, render: 118ms)
[23:24:08] [FRONTEND]  GET /admin 200 in 102ms (compile: 7ms, proxy.ts: 6ms, render: 89ms)
[23:24:08] [FRONTEND]  GET /admin 200 in 102ms (compile: 11ms, proxy.ts: 7ms, render: 84ms)
[23:24:08] [FRONTEND]  GET /admin 200 in 94ms (compile: 6ms, proxy.ts: 7ms, render: 81ms)
[23:24:08] [FRONTEND]  GET /admin 200 in 132ms (compile: 7ms, proxy.ts: 7ms, render: 119ms)
[23:24:08] [FRONTEND]  GET /admin 200 in 103ms (compile: 6ms, proxy.ts: 7ms, render: 90ms)
[23:24:09] [FRONTEND]  GET /admin 200 in 94ms (compile: 5ms, proxy.ts: 7ms, render: 82ms)
[23:24:09] [FRONTEND]  GET /admin 200 in 99ms (compile: 6ms, proxy.ts: 8ms, render: 86ms)
[23:24:09] [FRONTEND]  GET /admin 200 in 100ms (compile: 7ms, proxy.ts: 6ms, render: 87ms)
[23:24:09] [FRONTEND]  GET /admin 200 in 98ms (compile: 6ms, proxy.ts: 13ms, render: 79ms)
[23:24:09] [FRONTEND]  GET /admin 200 in 124ms (compile: 6ms, proxy.ts: 6ms, render: 111ms)
[23:24:09] [FRONTEND]  GET /admin 200 in 100ms (compile: 6ms, proxy.ts: 7ms, render: 86ms)
[23:24:09] [FRONTEND]  GET /admin 200 in 137ms (compile: 5ms, proxy.ts: 7ms, render: 124ms)
[23:24:09] [FRONTEND]  GET /admin 200 in 133ms (compile: 6ms, proxy.ts: 7ms, render: 120ms)
[23:24:09] [FRONTEND]  GET /admin 200 in 132ms (compile: 5ms, proxy.ts: 9ms, render: 119ms)
[23:24:09] [FRONTEND]  GET /admin 200 in 137ms (compile: 5ms, proxy.ts: 7ms, render: 125ms)
[23:24:09] [FRONTEND]  GET /admin 200 in 139ms (compile: 5ms, proxy.ts: 12ms, render: 122ms)
[23:24:09] [FRONTEND]  GET /admin 200 in 128ms (compile: 6ms, proxy.ts: 7ms, render: 115ms)
[23:24:09] [FRONTEND]  GET /admin 200 in 103ms (compile: 6ms, proxy.ts: 8ms, render: 89ms)
[23:24:09] [FRONTEND]  GET /admin 200 in 102ms (compile: 5ms, proxy.ts: 8ms, render: 89ms)
[23:24:09] [FRONTEND]  GET /admin 200 in 129ms (compile: 6ms, proxy.ts: 7ms, render: 116ms)
[23:24:09] [FRONTEND]  GET /admin 200 in 133ms (compile: 6ms, proxy.ts: 7ms, render: 121ms)
[23:24:09] [FRONTEND]  GET /admin 200 in 94ms (compile: 5ms, proxy.ts: 7ms, render: 81ms)
[23:24:09] [FRONTEND]  GET /admin 200 in 51ms (compile: 10ms, proxy.ts: 8ms, render: 34ms)
[23:24:21] [FRONTEND]  GET /login 200 in 196ms (compile: 4ms, proxy.ts: 7ms, render: 184ms)
[23:24:24] [BACKEND] INFO:     127.0.0.1:0 - "GET /platform/settings HTTP/1.1" 200 OK
[23:24:24] [FRONTEND]  GET /api/platform/settings 200 in 71ms (compile: 9ms, render: 62ms)
[23:24:44] [FRONTEND]  GET /records 200 in 363ms (compile: 282ms, proxy.ts: 10ms, render: 71ms)
[23:24:44] [BACKEND] INFO:     127.0.0.1:0 - "GET /users/me HTTP/1.1" 200 OK
[23:24:44] [FRONTEND]  GET /api/users/me 200 in 180ms (compile: 44ms, render: 137ms)
[23:24:44] [BACKEND] INFO:     127.0.0.1:0 - "GET /hospitals/ HTTP/1.1" 200 OK
[23:24:44] [FRONTEND]  GET /api/hospitals/ 200 in 182ms (compile: 23ms, render: 160ms)
[23:24:44] [BACKEND] INFO:     127.0.0.1:0 - "GET /users/me HTTP/1.1" 200 OK
[23:24:44] [FRONTEND]  GET /api/users/me 200 in 203ms (compile: 18ms, render: 186ms)
[23:24:44] [BACKEND] INFO:     127.0.0.1:0 - "GET /hospitals/ HTTP/1.1" 200 OK
[23:24:44] [FRONTEND]  GET /api/hospitals/ 200 in 208ms (compile: 3ms, render: 205ms)
[23:24:44] [BACKEND] INFO:     127.0.0.1:0 - "GET /hospitals/ HTTP/1.1" 200 OK
[23:24:44] [FRONTEND]  GET /api/hospitals/ 200 in 140ms (compile: 3ms, render: 137ms)
[23:24:44] [BACKEND] INFO:     127.0.0.1:0 - "GET /hospitals/ HTTP/1.1" 200 OK
[23:24:44] [FRONTEND]  GET /api/hospitals/ 200 in 82ms (compile: 3ms, render: 79ms)
[23:24:47] [BACKEND] INFO:     127.0.0.1:0 - "GET /stats/dashboard HTTP/1.1" 200 OK
[23:24:47] [FRONTEND]  GET /api/stats/dashboard 200 in 993ms (compile: 10ms, render: 982ms)
[23:24:48] [BACKEND] INFO:     127.0.0.1:0 - "GET /stats/dashboard HTTP/1.1" 200 OK
[23:24:48] [FRONTEND]  GET /api/stats/dashboard 200 in 417ms (compile: 5ms, render: 412ms)
[23:24:51] [BACKEND] INFO:     127.0.0.1:0 - "GET /users/me HTTP/1.1" 200 OK
[23:24:51] [FRONTEND]  GET /api/users/me 200 in 73ms (compile: 9ms, render: 65ms)
[23:24:54] [BACKEND] INFO:     127.0.0.1:0 - "GET /platform/settings HTTP/1.1" 200 OK
[23:24:54] [FRONTEND]  GET /api/platform/settings 200 in 65ms (compile: 9ms, render: 56ms)
[23:25:04] [FRONTEND]  GET /login 200 in 101ms (compile: 4ms, proxy.ts: 7ms, render: 90ms)
[23:25:05] [BACKEND] INFO:     127.0.0.1:0 - "GET /auth/csrf-token HTTP/1.1" 200 OK
[23:25:05] [FRONTEND]  GET /api/auth/csrf-token 200 in 27ms (compile: 12ms, render: 16ms)
[23:25:05] [BACKEND] INFO:     127.0.0.1:0 - "POST /auth/check-email HTTP/1.1" 200 OK
[23:25:05] [FRONTEND]  POST /api/auth/check-email 200 in 64ms (compile: 3ms, render: 61ms)
[23:25:06] [FRONTEND]  POST /api/auth/token 200 in 463ms (compile: 46ms, render: 417ms)
[23:25:06] [FRONTEND]  GET /admin 200 in 243ms (compile: 78ms, proxy.ts: 81ms, render: 84ms)
[23:25:06] [BACKEND] INFO:     127.0.0.1:0 - "GET /users/me HTTP/1.1" 200 OK
[23:25:07] [FRONTEND] Warning: Please use the `legacy` build in Node.js environments.
[23:25:07] [FRONTEND]  GET /api/users/me 200 in 604ms (compile: 14ms, render: 590ms)
[23:25:07] [FRONTEND]  GET /admin/records 200 in 790ms (compile: 35ms, proxy.ts: 23ms, render: 731ms)
[23:25:07] [FRONTEND]  GET /api/users/me 200 in 110ms (compile: 40ms, render: 71ms)
[23:25:08] [BACKEND] INFO:     127.0.0.1:0 - "GET /users/me HTTP/1.1" 200 OK
[23:25:08] [BACKEND] INFO:     127.0.0.1:0 - "GET /users/me HTTP/1.1" 401 Unauthorized
[23:25:08] [FRONTEND]  GET /api/users/me 401 in 33ms (compile: 5ms, render: 28ms)
[23:25:08] [FRONTEND]  GET /login 200 in 93ms (compile: 9ms, proxy.ts: 19ms, render: 64ms)
[23:25:09] [FRONTEND]  GET /login?reason=session_expired 200 in 273ms (compile: 20ms, proxy.ts: 7ms, render: 246ms)
[23:25:22] [FRONTEND]  GET /login 200 in 118ms (compile: 5ms, proxy.ts: 7ms, render: 106ms)
[23:25:23] [BACKEND] INFO:     127.0.0.1:0 - "GET /auth/csrf-token HTTP/1.1" 200 OK
[23:25:23] [FRONTEND]  GET /api/auth/csrf-token 200 in 27ms (compile: 9ms, render: 18ms)
[23:25:23] [BACKEND] INFO:     127.0.0.1:0 - "POST /auth/check-email HTTP/1.1" 200 OK
[23:25:23] [FRONTEND]  POST /api/auth/check-email 200 in 60ms (compile: 4ms, render: 56ms)
[23:25:23] [FRONTEND]  POST /api/auth/token 200 in 432ms (compile: 24ms, render: 409ms)
[23:25:24] [FRONTEND]  GET /admin 200 in 46ms (compile: 7ms, proxy.ts: 8ms, render: 31ms)
[23:25:24] [FRONTEND]  GET /api/users/me 200 in 79ms (compile: 31ms, render: 47ms)
[23:25:24] [FRONTEND]  GET /admin/records 200 in 194ms (compile: 10ms, proxy.ts: 22ms, render: 162ms)
[23:25:24] [BACKEND] INFO:     127.0.0.1:0 - "GET /users/me HTTP/1.1" 401 Unauthorized
[23:25:24] [FRONTEND]  GET /api/users/me 401 in 25ms (compile: 11ms, render: 14ms)
[23:25:24] [BACKEND] INFO:     127.0.0.1:0 - "GET /users/me HTTP/1.1" 200 OK
[23:25:24] [BACKEND] INFO:     127.0.0.1:0 - "GET /platform/settings HTTP/1.1" 200 OK
[23:25:24] [FRONTEND]  GET /api/platform/settings 200 in 70ms (compile: 2ms, render: 68ms)
[23:25:25] [FRONTEND]  GET /login 200 in 39ms (compile: 6ms, proxy.ts: 8ms, render: 26ms)
[23:25:25] [FRONTEND]  GET /login?reason=session_expired 200 in 103ms (compile: 5ms, proxy.ts: 8ms, render: 90ms)
[23:25:54] [BACKEND] INFO:     127.0.0.1:0 - "GET /platform/settings HTTP/1.1" 200 OK
[23:25:54] [FRONTEND]  GET /api/platform/settings 200 in 122ms (compile: 9ms, render: 113ms)
[23:26:24] [BACKEND] INFO:     127.0.0.1:0 - "GET /platform/settings HTTP/1.1" 200 OK
[23:26:24] [FRONTEND]  GET /api/platform/settings 200 in 69ms (compile: 8ms, render: 61ms)
[23:30:22] [BACKEND] WARNING:  StatReload detected changes in 'app\routers\stats.py'. Reloading...
[23:31:55] [FRONTEND]  GET / 200 in 702ms (compile: 98ms, proxy.ts: 8ms, render: 596ms)
[23:32:03] [FRONTEND]  GET /login 200 in 41ms (compile: 6ms, proxy.ts: 8ms, render: 27ms)
[23:32:13] [BACKEND]  INFO:     127.0.0.1:0 - "GET /auth/csrf-token HTTP/1.1" 200 OK
[23:32:13] [FRONTEND]  GET /api/auth/csrf-token 200 in 28ms (compile: 12ms, render: 16ms)
[23:32:13] [BACKEND] INFO:     Shutting down
[23:32:13] [BACKEND] INFO:     Waiting for connections to close. (CTRL+C to force quit)
[23:32:13] [BACKEND] INFO:     127.0.0.1:0 - "POST /auth/check-email HTTP/1.1" 200 OK
[23:32:13] [FRONTEND]  POST /api/auth/check-email 200 in 254ms (compile: 3ms, render: 251ms)
[23:32:13] [BACKEND] INFO:     Waiting for application shutdown.
[23:32:13] [BACKEND] INFO:     Application shutdown complete.
[23:32:13] [BACKEND] INFO:     Finished server process [2116]
[23:32:13] [FRONTEND]  GET /login?email=admin%40digifortlabs.com 200 in 116ms (compile: 5ms, proxy.ts: 7ms, render: 104ms)
[23:34:07] [BACKEND] >>> Stopping service 'FastAPI Backend' (PID: 1424)...
[23:34:07] [BACKEND] 
>>> [PROCESS CRASHED] Service 'FastAPI Backend' exited with error code 1
[23:34:07] [BACKEND] >>> Service 'FastAPI Backend' stopped successfully.
[23:34:08] [FRONTEND] file:///D:/Website/DIGIFORTLABS/frontend/node_modules/next/dist/trace/trace.js: Invalid source map. Only conformant source maps can be used to find the original code. Cause: TypeError [ERR_INVALID_ARG_TYPE]: The "payload" argument must be of type object. Received null
[23:34:08] [FRONTEND] ⨯ TypeError: fetch failed
[23:34:08] [FRONTEND]     at async proxy (src\app\api\[...path]\route.ts:27:24)
[23:34:08] [FRONTEND]   25 |     }
[23:34:08] [FRONTEND]   26 |
[23:34:08] [FRONTEND] > 27 |     const backendRes = await fetch(url, {
[23:34:08] [FRONTEND]      |                        ^
[23:34:08] [FRONTEND]   28 |         method: req.method,
[23:34:08] [FRONTEND]   29 |         headers,
[23:34:08] [FRONTEND]   30 |         body, {
[23:34:08] [FRONTEND]   [cause]: Error: read ECONNRESET
[23:34:08] [FRONTEND]       at ignore-listed frames {
[23:34:08] [FRONTEND]     errno: -4077,
[23:34:08] [FRONTEND]     code: 'ECONNRESET',
[23:34:08] [FRONTEND]     syscall: 'read'
[23:34:08] [FRONTEND]   }
[23:34:08] [FRONTEND] }
[23:34:08] [FRONTEND]  GET /api/auth/csrf-token 500 in 112s (compile: 9ms, render: 112s)
[23:34:08] [FRONTEND] >>> Stopping service 'Next.js Frontend' (PID: 16104)...
[23:34:08] [FRONTEND] 
>>> [PROCESS CRASHED] Service 'Next.js Frontend' exited with error code 1
[23:34:08] [FRONTEND] >>> Service 'Next.js Frontend' stopped successfully.
[23:34:09] [BACKEND] >>> Starting Backend Server with PID 15076 (access at port 8000)...
[23:34:09] [FRONTEND] >>> Starting Frontend Server with PID 23460 (access at port 3000)...
[23:34:11] [FRONTEND] ▲ Next.js 16.1.6 (Turbopack)
[23:34:11] [FRONTEND] - Local:         http://localhost:3000
[23:34:11] [FRONTEND] - Network:       http://0.0.0.0:3000
[23:34:11] [FRONTEND] ✓ Starting...
[23:34:12] [FRONTEND] ✓ Ready in 1829ms
[23:34:13] [FRONTEND]  GET /login?email=admin%40digifortlabs.com 200 in 870ms (compile: 213ms, proxy.ts: 251ms, render: 407ms)
[23:34:24] [FRONTEND] file:///D:/Website/DIGIFORTLABS/frontend/node_modules/next/dist/trace/trace.js: Invalid source map. Only conformant source maps can be used to find the original code. Cause: TypeError [ERR_INVALID_ARG_TYPE]: The "payload" argument must be of type object. Received null
[23:34:24] [FRONTEND] ⨯ TypeError: fetch failed
[23:34:24] [FRONTEND]     at async proxy (src\app\api\[...path]\route.ts:27:24)
[23:34:24] [FRONTEND]   25 |     }
[23:34:24] [FRONTEND]   26 |
[23:34:24] [FRONTEND] > 27 |     const backendRes = await fetch(url, {
[23:34:24] [FRONTEND]      |                        ^
[23:34:24] [FRONTEND]   28 |         method: req.method,
[23:34:24] [FRONTEND]   29 |         headers,
[23:34:24] [FRONTEND]   30 |         body, {
[23:34:24] [FRONTEND]   [cause]: AggregateError: 
[23:34:24] [FRONTEND]       at ignore-listed frames {
[23:34:24] [FRONTEND]     code: 'ECONNREFUSED'
[23:34:24] [FRONTEND]   }
[23:34:24] [FRONTEND] }
[23:34:24] [FRONTEND]  GET /api/auth/csrf-token 500 in 1322ms (compile: 1089ms, render: 233ms)
[23:34:25] [FRONTEND]  POST /api/auth/token 200 in 468ms (compile: 54ms, render: 414ms)
[23:34:25] [FRONTEND]  GET /admin 200 in 191ms (compile: 137ms, proxy.ts: 11ms, render: 42ms)
[23:34:25] [FRONTEND] file:///D:/Website/DIGIFORTLABS/frontend/node_modules/next/dist/trace/trace.js: Invalid source map. Only conformant source maps can be used to find the original code. Cause: TypeError [ERR_INVALID_ARG_TYPE]: The "payload" argument must be of type object. Received null
[23:34:25] [FRONTEND] ⨯ TypeError: fetch failed
[23:34:25] [FRONTEND]     at async proxy (src\app\api\[...path]\route.ts:27:24)
[23:34:25] [FRONTEND]   25 |     }
[23:34:25] [FRONTEND]   26 |
[23:34:25] [FRONTEND] > 27 |     const backendRes = await fetch(url, {
[23:34:25] [FRONTEND]      |                        ^
[23:34:25] [FRONTEND]   28 |         method: req.method,
[23:34:25] [FRONTEND]   29 |         headers,
[23:34:25] [FRONTEND]   30 |         body, {
[23:34:25] [FRONTEND]   [cause]: AggregateError: 
[23:34:25] [FRONTEND]       at ignore-listed frames {
[23:34:25] [FRONTEND]     code: 'ECONNREFUSED'
[23:34:25] [FRONTEND]   }
[23:34:25] [FRONTEND] }
[23:34:25] [FRONTEND]  GET /api/users/me 500 in 159ms (compile: 19ms, render: 140ms)
[23:34:25] [FRONTEND] file:///D:/Website/DIGIFORTLABS/frontend/node_modules/next/dist/trace/trace.js: Invalid source map. Only conformant source maps can be used to find the original code. Cause: TypeError [ERR_INVALID_ARG_TYPE]: The "payload" argument must be of type object. Received null
[23:34:25] [FRONTEND] ⨯ TypeError: fetch failed
[23:34:25] [FRONTEND]     at async proxy (src\app\api\[...path]\route.ts:27:24)
[23:34:25] [FRONTEND]   25 |     }
[23:34:25] [FRONTEND]   26 |
[23:34:25] [FRONTEND] > 27 |     const backendRes = await fetch(url, {
[23:34:25] [FRONTEND]      |                        ^
[23:34:25] [FRONTEND]   28 |         method: req.method,
[23:34:25] [FRONTEND]   29 |         headers,
[23:34:25] [FRONTEND]   30 |         body, {
[23:34:25] [FRONTEND]   [cause]: AggregateError: 
[23:34:25] [FRONTEND]       at ignore-listed frames {
[23:34:25] [FRONTEND]     code: 'ECONNREFUSED'
[23:34:25] [FRONTEND]   }
[23:34:25] [FRONTEND] }
[23:34:25] [FRONTEND]  GET /api/users/me 500 in 174ms (compile: 28ms, render: 146ms)
[23:34:25] [FRONTEND]  GET /login 200 in 192ms (compile: 41ms, proxy.ts: 13ms, render: 138ms)
[23:34:25] [FRONTEND]  GET /login 200 in 35ms (compile: 5ms, proxy.ts: 9ms, render: 21ms)
[23:34:40] [SSH] >>> Stopping service 'SSH Database Tunnel' (PID: 15400)...
[23:34:40] [SSH] >>> Service 'SSH Database Tunnel' stopped successfully.
[23:34:41] [BACKEND] >>> Stopping service 'FastAPI Backend' (PID: 15076)...
[23:34:41] [BACKEND] >>> Service 'FastAPI Backend' stopped successfully.
[23:34:41] [FRONTEND] >>> Stopping service 'Next.js Frontend' (PID: 23460)...
[23:34:41] [FRONTEND] >>> Service 'Next.js Frontend' stopped successfully.
[23:34:42] [BACKEND] >>> Starting Backend Server with PID 21592 (access at port 8000)...
[23:34:43] [FRONTEND] >>> Starting Frontend Server with PID 1336 (access at port 3000)...
[23:34:44] [FRONTEND] ▲ Next.js 16.1.6 (Turbopack)
[23:34:44] [FRONTEND] - Local:         http://localhost:3000
[23:34:44] [FRONTEND] - Network:       http://0.0.0.0:3000
[23:34:44] [FRONTEND] ✓ Starting...
[23:34:46] [FRONTEND] ✓ Ready in 2.5s
[23:34:46] [SSH] >>> Starting SSH Database Tunnel with PID 22384 to 15.206.86.130...
[23:34:48] [FRONTEND]  GET /login 200 in 1275ms (compile: 629ms, proxy.ts: 221ms, render: 425ms)
[23:35:07] [FRONTEND]  GET /api/auth/csrf-token 200 in 1229ms (compile: 1174ms, render: 55ms)
[23:35:07] [FRONTEND]  POST /api/auth/check-email 200 in 93ms (compile: 15ms, render: 78ms)
[23:35:12] [FRONTEND]  POST /api/auth/token 200 in 447ms (compile: 46ms, render: 401ms)
[23:35:12] [FRONTEND]  GET /admin 200 in 279ms (compile: 205ms, proxy.ts: 14ms, render: 60ms)
[23:35:12] [FRONTEND]  GET /api/users/me 200 in 237ms (compile: 11ms, render: 226ms)
[23:35:13] [FRONTEND]  GET /api/platform/settings 200 in 678ms (compile: 17ms, render: 662ms)
[23:35:13] [FRONTEND]  GET /api/users/me 200 in 949ms (compile: 59ms, render: 890ms)
[23:35:14] [FRONTEND]  GET /api/platform/settings 200 in 300ms (compile: 6ms, render: 294ms)
[23:35:14] [FRONTEND]  GET /api/users/me 200 in 542ms (compile: 13ms, render: 529ms)
[23:35:14] [FRONTEND]  GET /api/users/me 200 in 143ms (compile: 5ms, render: 138ms)
[23:35:15] [FRONTEND]  GET /api/stats/dashboard 200 in 2.0s (compile: 33ms, render: 1986ms)
[23:35:15] [FRONTEND]  GET /api/stats/dashboard 200 in 697ms (compile: 11ms, render: 686ms)
[23:35:17] [FRONTEND]  GET /api/users/me 200 in 83ms (compile: 9ms, render: 74ms)
[23:35:25] [FRONTEND]  GET /records 200 in 315ms (compile: 227ms, proxy.ts: 10ms, render: 78ms)
[23:35:25] [FRONTEND]  GET /api/users/me 200 in 168ms (compile: 15ms, render: 153ms)
[23:35:25] [FRONTEND]  GET /api/hospitals/ 200 in 307ms (compile: 27ms, render: 279ms)
[23:35:25] [FRONTEND]  GET /api/users/me 200 in 248ms (compile: 11ms, render: 237ms)
[23:35:26] [FRONTEND]  GET /api/hospitals/ 200 in 237ms (compile: 4ms, render: 233ms)
[23:35:26] [FRONTEND]  GET /api/hospitals/ 200 in 191ms (compile: 16ms, render: 175ms)
[23:35:26] [FRONTEND]  GET /api/hospitals/ 200 in 115ms (compile: 8ms, render: 108ms)
[23:35:27] [FRONTEND]  GET /api/stats/dashboard 200 in 528ms (compile: 13ms, render: 515ms)
[23:35:28] [FRONTEND]  GET /dental 404 in 431ms (compile: 142ms, proxy.ts: 9ms, render: 280ms)
[23:35:28] [FRONTEND]  GET /api/stats/dashboard 200 in 590ms (compile: 14ms, render: 576ms)
[23:35:28] [FRONTEND]  GET /dental 404 in 258ms (compile: 23ms, proxy.ts: 10ms, render: 225ms)
[23:35:31] [FRONTEND]  GET /admin 200 in 394ms (compile: 8ms, proxy.ts: 14ms, render: 372ms)
[23:35:31] [FRONTEND]  GET /api/platform/settings 200 in 159ms (compile: 25ms, render: 133ms)
[23:35:31] [FRONTEND]  GET /api/platform/settings 200 in 100ms (compile: 6ms, render: 94ms)
[23:35:31] [FRONTEND]  GET /api/users/me 200 in 233ms (compile: 4ms, render: 229ms)
[23:35:32] [FRONTEND]  GET /api/users/me 200 in 138ms (compile: 4ms, render: 134ms)
[23:35:32] [FRONTEND]  GET /api/stats/dashboard 200 in 759ms (compile: 17ms, render: 742ms)
[23:35:32] [FRONTEND]  GET /api/stats/dashboard 200 in 463ms (compile: 4ms, render: 459ms)
[23:35:36] [FRONTEND]  GET /api/users/me 200 in 80ms (compile: 18ms, render: 61ms)
[23:36:02] [FRONTEND]  GET /api/platform/settings 200 in 83ms (compile: 13ms, render: 69ms)
[23:36:31] [FRONTEND]  GET /api/platform/settings 200 in 108ms (compile: 15ms, render: 92ms)
[23:37:02] [FRONTEND]  GET /api/platform/settings 200 in 83ms (compile: 22ms, render: 61ms)
[23:37:31] [FRONTEND]  GET /api/platform/settings 200 in 90ms (compile: 14ms, render: 76ms)
[23:37:44] [FRONTEND] ✓ Compiled in 1815ms
[23:37:56] [FRONTEND]  GET /admin 200 in 1019ms (compile: 772ms, proxy.ts: 94ms, render: 153ms)
[23:37:56] [FRONTEND]  GET /admin 200 in 106ms (compile: 9ms, proxy.ts: 55ms, render: 41ms)
[23:37:56] [FRONTEND]  GET /admin 200 in 87ms (compile: 7ms, proxy.ts: 8ms, render: 72ms)
[23:37:56] [FRONTEND]  GET /admin 200 in 131ms (compile: 6ms, proxy.ts: 7ms, render: 118ms)
[23:37:56] [FRONTEND]  GET /admin 200 in 112ms (compile: 7ms, proxy.ts: 14ms, render: 91ms)
[23:37:56] [FRONTEND]  GET /admin 200 in 110ms (compile: 7ms, proxy.ts: 13ms, render: 90ms)
[23:37:56] [FRONTEND]  GET /admin 200 in 108ms (compile: 8ms, proxy.ts: 12ms, render: 89ms)
[23:37:56] [FRONTEND]  GET /admin 200 in 140ms (compile: 7ms, proxy.ts: 9ms, render: 124ms)
[23:37:56] [FRONTEND]  GET /admin 200 in 141ms (compile: 6ms, proxy.ts: 10ms, render: 125ms)
[23:37:56] [FRONTEND]  GET /admin 200 in 130ms (compile: 5ms, proxy.ts: 8ms, render: 116ms)
[23:37:56] [FRONTEND]  GET /admin 200 in 133ms (compile: 6ms, proxy.ts: 9ms, render: 118ms)
[23:37:56] [FRONTEND]  GET /admin 200 in 129ms (compile: 6ms, proxy.ts: 8ms, render: 116ms)
[23:37:56] [FRONTEND]  GET /admin 200 in 98ms (compile: 10ms, proxy.ts: 7ms, render: 80ms)
[23:37:56] [FRONTEND]  GET /admin 200 in 95ms (compile: 6ms, proxy.ts: 7ms, render: 82ms)
[23:37:56] [FRONTEND]  GET /admin 200 in 132ms (compile: 8ms, proxy.ts: 8ms, render: 117ms)
[23:37:56] [FRONTEND]  GET /admin 200 in 103ms (compile: 7ms, proxy.ts: 7ms, render: 90ms)
[23:37:56] [FRONTEND]  GET /admin 200 in 97ms (compile: 5ms, proxy.ts: 7ms, render: 85ms)
[23:37:57] [FRONTEND]  GET /admin 200 in 143ms (compile: 6ms, proxy.ts: 8ms, render: 129ms)
[23:37:57] [FRONTEND]  GET /admin 200 in 135ms (compile: 6ms, proxy.ts: 8ms, render: 121ms)
[23:37:57] [FRONTEND]  GET /admin 200 in 104ms (compile: 6ms, proxy.ts: 9ms, render: 89ms)
[23:37:57] [FRONTEND]  GET /admin 200 in 92ms (compile: 5ms, proxy.ts: 9ms, render: 79ms)
[23:37:57] [FRONTEND]  GET /admin 200 in 95ms (compile: 6ms, proxy.ts: 7ms, render: 82ms)
[23:37:57] [FRONTEND]  GET /admin 200 in 96ms (compile: 6ms, proxy.ts: 7ms, render: 83ms)
[23:37:57] [FRONTEND]  GET /admin 200 in 95ms (compile: 11ms, proxy.ts: 8ms, render: 76ms)
[23:37:57] [FRONTEND]  GET /admin 200 in 92ms (compile: 7ms, proxy.ts: 7ms, render: 79ms)
[23:37:57] [FRONTEND]  GET /admin 200 in 100ms (compile: 7ms, proxy.ts: 7ms, render: 85ms)
[23:37:57] [FRONTEND]  GET /admin 200 in 98ms (compile: 6ms, proxy.ts: 9ms, render: 83ms)
[23:37:57] [FRONTEND]  GET /admin 200 in 123ms (compile: 6ms, proxy.ts: 7ms, render: 109ms)
[23:37:57] [FRONTEND]  GET /admin 200 in 130ms (compile: 6ms, proxy.ts: 7ms, render: 116ms)
[23:37:57] [FRONTEND]  GET /admin 200 in 128ms (compile: 6ms, proxy.ts: 9ms, render: 113ms)
[23:37:57] [FRONTEND]  GET /admin 200 in 99ms (compile: 6ms, proxy.ts: 8ms, render: 86ms)
[23:37:57] [FRONTEND]  GET /admin 200 in 92ms (compile: 6ms, proxy.ts: 7ms, render: 79ms)
[23:37:57] [FRONTEND]  GET /admin 200 in 93ms (compile: 8ms, proxy.ts: 8ms, render: 78ms)
[23:37:57] [FRONTEND]  GET /admin 200 in 126ms (compile: 7ms, proxy.ts: 7ms, render: 112ms)
[23:37:57] [FRONTEND]  GET /admin 200 in 103ms (compile: 8ms, proxy.ts: 7ms, render: 88ms)
[23:37:57] [FRONTEND]  GET /admin 200 in 93ms (compile: 6ms, proxy.ts: 7ms, render: 80ms)
[23:37:57] [FRONTEND]  GET /admin 200 in 183ms (compile: 6ms, proxy.ts: 8ms, render: 168ms)
[23:37:57] [FRONTEND]  GET /admin 200 in 154ms (compile: 7ms, proxy.ts: 7ms, render: 140ms)
[23:37:57] [FRONTEND]  GET /admin 200 in 187ms (compile: 7ms, proxy.ts: 8ms, render: 171ms)
[23:37:58] [FRONTEND]  GET /admin 200 in 126ms (compile: 7ms, proxy.ts: 8ms, render: 112ms)
[23:37:58] [FRONTEND]  GET /admin 200 in 120ms (compile: 6ms, proxy.ts: 7ms, render: 107ms)
[23:37:58] [FRONTEND]  GET /admin 200 in 95ms (compile: 6ms, proxy.ts: 7ms, render: 82ms)
[23:37:58] [FRONTEND]  GET /admin 200 in 92ms (compile: 6ms, proxy.ts: 7ms, render: 78ms)
[23:37:58] [FRONTEND]  GET /admin 200 in 91ms (compile: 9ms, proxy.ts: 7ms, render: 75ms)
[23:37:58] [FRONTEND]  GET /admin 200 in 87ms (compile: 6ms, proxy.ts: 7ms, render: 74ms)
[23:37:58] [FRONTEND]  GET /admin 200 in 92ms (compile: 7ms, proxy.ts: 7ms, render: 78ms)
[23:37:58] [FRONTEND]  GET /admin 200 in 90ms (compile: 7ms, proxy.ts: 6ms, render: 77ms)
[23:37:58] [FRONTEND]  GET /admin 200 in 88ms (compile: 7ms, proxy.ts: 7ms, render: 74ms)
[23:37:58] [FRONTEND]  GET /admin 200 in 123ms (compile: 7ms, proxy.ts: 7ms, render: 109ms)
[23:37:58] [FRONTEND]  GET /admin 200 in 135ms (compile: 8ms, proxy.ts: 8ms, render: 119ms)
[23:37:58] [FRONTEND]  GET /admin 200 in 130ms (compile: 6ms, proxy.ts: 7ms, render: 117ms)
[23:37:58] [FRONTEND]  GET /admin 200 in 95ms (compile: 5ms, proxy.ts: 7ms, render: 82ms)
[23:37:58] [FRONTEND]  GET /admin 200 in 94ms (compile: 6ms, proxy.ts: 9ms, render: 79ms)
[23:37:58] [FRONTEND]  GET /admin 200 in 97ms (compile: 6ms, proxy.ts: 7ms, render: 83ms)
[23:37:58] [FRONTEND]  GET /admin 200 in 121ms (compile: 6ms, proxy.ts: 7ms, render: 108ms)
[23:37:58] [FRONTEND]  GET /admin 200 in 88ms (compile: 6ms, proxy.ts: 7ms, render: 74ms)
[23:37:58] [FRONTEND]  GET /admin 200 in 87ms (compile: 5ms, proxy.ts: 7ms, render: 75ms)
[23:37:58] [FRONTEND]  GET /admin 200 in 96ms (compile: 7ms, proxy.ts: 7ms, render: 82ms)
[23:37:58] [FRONTEND]  GET /admin 200 in 100ms (compile: 13ms, proxy.ts: 7ms, render: 80ms)
[23:37:58] [FRONTEND]  GET /admin 200 in 95ms (compile: 8ms, proxy.ts: 7ms, render: 80ms)
[23:37:58] [FRONTEND]  GET /admin 200 in 101ms (compile: 7ms, proxy.ts: 8ms, render: 86ms)
[23:37:58] [FRONTEND]  GET /admin 200 in 100ms (compile: 8ms, proxy.ts: 7ms, render: 84ms)
[23:37:58] [FRONTEND]  GET /admin 200 in 96ms (compile: 7ms, proxy.ts: 8ms, render: 81ms)
[23:37:59] [FRONTEND]  GET /admin 200 in 127ms (compile: 7ms, proxy.ts: 7ms, render: 114ms)
[23:37:59] [FRONTEND]  GET /admin 200 in 101ms (compile: 8ms, proxy.ts: 7ms, render: 86ms)
[23:37:59] [FRONTEND]  GET /admin 200 in 94ms (compile: 5ms, proxy.ts: 8ms, render: 81ms)
[23:37:59] [FRONTEND]  GET /admin 200 in 87ms (compile: 6ms, proxy.ts: 7ms, render: 73ms)
[23:37:59] [FRONTEND]  GET /admin 200 in 88ms (compile: 6ms, proxy.ts: 7ms, render: 74ms)
[23:37:59] [FRONTEND]  GET /admin 200 in 93ms (compile: 6ms, proxy.ts: 6ms, render: 80ms)
[23:37:59] [FRONTEND]  GET /admin 200 in 94ms (compile: 11ms, proxy.ts: 8ms, render: 75ms)
[23:37:59] [FRONTEND]  GET /admin 200 in 133ms (compile: 6ms, proxy.ts: 7ms, render: 119ms)
[23:37:59] [FRONTEND]  GET /admin 200 in 106ms (compile: 8ms, proxy.ts: 7ms, render: 91ms)
[23:37:59] [FRONTEND]  GET /admin 200 in 103ms (compile: 6ms, proxy.ts: 8ms, render: 90ms)
[23:37:59] [FRONTEND]  GET /admin 200 in 136ms (compile: 8ms, proxy.ts: 8ms, render: 120ms)
[23:37:59] [FRONTEND]  GET /admin 200 in 106ms (compile: 8ms, proxy.ts: 9ms, render: 89ms)
[23:37:59] [FRONTEND]  GET /admin 200 in 107ms (compile: 7ms, proxy.ts: 8ms, render: 93ms)
[23:37:59] [FRONTEND]  GET /admin 200 in 66ms (compile: 7ms, proxy.ts: 8ms, render: 52ms)
[23:37:59] [FRONTEND]  GET /admin 200 in 100ms (compile: 14ms, proxy.ts: 8ms, render: 77ms)
[23:37:59] [FRONTEND]  GET /admin 200 in 129ms (compile: 5ms, proxy.ts: 7ms, render: 116ms)
[23:37:59] [FRONTEND]  GET /admin 200 in 108ms (compile: 7ms, proxy.ts: 7ms, render: 94ms)
[23:37:59] [FRONTEND]  GET /admin 200 in 137ms (compile: 6ms, proxy.ts: 8ms, render: 123ms)
[23:37:59] [FRONTEND]  GET /admin 200 in 128ms (compile: 7ms, proxy.ts: 7ms, render: 114ms)
[23:37:59] [FRONTEND]  GET /admin 200 in 108ms (compile: 6ms, proxy.ts: 7ms, render: 94ms)
[23:37:59] [FRONTEND]  GET /admin 200 in 107ms (compile: 6ms, proxy.ts: 7ms, render: 94ms)
[23:37:59] [FRONTEND]  GET /admin 200 in 118ms (compile: 15ms, proxy.ts: 8ms, render: 95ms)
[23:37:59] [FRONTEND]  GET /admin 200 in 108ms (compile: 7ms, proxy.ts: 8ms, render: 93ms)
[23:38:00] [FRONTEND]  GET /admin 200 in 110ms (compile: 7ms, proxy.ts: 10ms, render: 93ms)
[23:38:00] [FRONTEND]  GET /admin 200 in 102ms (compile: 7ms, proxy.ts: 8ms, render: 87ms)
[23:38:00] [FRONTEND]  GET /admin 200 in 62ms (compile: 7ms, proxy.ts: 8ms, render: 47ms)
[23:38:00] [FRONTEND]  GET /admin 200 in 92ms (compile: 6ms, proxy.ts: 7ms, render: 79ms)
[23:38:00] [FRONTEND]  GET /admin 200 in 108ms (compile: 6ms, proxy.ts: 7ms, render: 96ms)
[23:38:00] [FRONTEND]  GET /admin 200 in 126ms (compile: 6ms, proxy.ts: 7ms, render: 113ms)
[23:38:00] [FRONTEND]  GET /admin 200 in 163ms (compile: 10ms, proxy.ts: 8ms, render: 145ms)
[23:38:00] [FRONTEND]  GET /admin 200 in 120ms (compile: 7ms, proxy.ts: 16ms, render: 98ms)
[23:38:00] [FRONTEND]  GET /admin 200 in 121ms (compile: 8ms, proxy.ts: 7ms, render: 106ms)
[23:38:00] [FRONTEND]  GET /admin 200 in 114ms (compile: 7ms, proxy.ts: 7ms, render: 100ms)
[23:38:00] [FRONTEND]  GET /admin 200 in 115ms (compile: 8ms, proxy.ts: 10ms, render: 97ms)
[23:38:00] [FRONTEND]  GET /admin 200 in 111ms (compile: 8ms, proxy.ts: 8ms, render: 95ms)
[23:38:00] [FRONTEND]  GET /admin 200 in 141ms (compile: 8ms, proxy.ts: 8ms, render: 125ms)
[23:38:00] [FRONTEND]  GET /admin 200 in 111ms (compile: 7ms, proxy.ts: 8ms, render: 96ms)
[23:38:00] [FRONTEND]  GET /admin 200 in 104ms (compile: 10ms, proxy.ts: 8ms, render: 87ms)
[23:38:00] [FRONTEND]  GET /admin 200 in 136ms (compile: 7ms, proxy.ts: 9ms, render: 120ms)
[23:38:00] [FRONTEND]  GET /admin 200 in 114ms (compile: 7ms, proxy.ts: 7ms, render: 99ms)
[23:38:00] [FRONTEND]  GET /admin 200 in 170ms (compile: 6ms, proxy.ts: 8ms, render: 155ms)
[23:38:01] [FRONTEND]  GET /admin 200 in 210ms (compile: 10ms, proxy.ts: 8ms, render: 192ms)
[23:38:01] [FRONTEND]  GET /admin 200 in 174ms (compile: 6ms, proxy.ts: 22ms, render: 146ms)
[23:38:01] [FRONTEND]  GET /admin 200 in 164ms (compile: 7ms, proxy.ts: 7ms, render: 150ms)
[23:38:01] [FRONTEND]  GET /admin 200 in 169ms (compile: 6ms, proxy.ts: 8ms, render: 155ms)
[23:38:01] [FRONTEND]  GET /admin 200 in 170ms (compile: 6ms, proxy.ts: 7ms, render: 157ms)
[23:38:01] [FRONTEND]  GET /admin 200 in 128ms (compile: 6ms, proxy.ts: 12ms, render: 110ms)
[23:38:01] [FRONTEND]  GET /admin 200 in 92ms (compile: 7ms, proxy.ts: 10ms, render: 76ms)
[23:38:01] [FRONTEND]  GET /admin 200 in 106ms (compile: 6ms, proxy.ts: 8ms, render: 92ms)
[23:38:01] [FRONTEND]  GET /admin 200 in 101ms (compile: 6ms, proxy.ts: 8ms, render: 87ms)
[23:38:01] [FRONTEND]  GET /admin 200 in 129ms (compile: 7ms, proxy.ts: 9ms, render: 113ms)
[23:38:01] [FRONTEND]  GET /admin 200 in 87ms (compile: 6ms, proxy.ts: 8ms, render: 73ms)
[23:38:01] [FRONTEND]  GET /admin 200 in 138ms (compile: 38ms, proxy.ts: 9ms, render: 92ms)
[23:38:01] [FRONTEND]  GET /admin 200 in 153ms (compile: 6ms, proxy.ts: 7ms, render: 140ms)
[23:38:01] [FRONTEND]  GET /admin 200 in 189ms (compile: 8ms, proxy.ts: 10ms, render: 171ms)
[23:38:01] [FRONTEND]  GET /admin 200 in 187ms (compile: 7ms, proxy.ts: 10ms, render: 170ms)
[23:38:02] [FRONTEND]  GET /admin 200 in 255ms (compile: 6ms, proxy.ts: 13ms, render: 236ms)
[23:38:02] [FRONTEND]  GET /admin 200 in 351ms (compile: 7ms, proxy.ts: 12ms, render: 332ms)
[23:38:02] [FRONTEND]  GET /admin 200 in 309ms (compile: 80ms, proxy.ts: 15ms, render: 213ms)
[23:38:02] [FRONTEND]  GET /api/platform/settings 200 in 429ms (compile: 61ms, render: 368ms)
[23:38:02] [FRONTEND]  GET /admin 200 in 303ms (compile: 6ms, proxy.ts: 9ms, render: 288ms)
[23:38:02] [FRONTEND]  GET /admin 200 in 205ms (compile: 53ms, proxy.ts: 10ms, render: 142ms)
[23:38:02] [FRONTEND]  GET /admin 200 in 185ms (compile: 78ms, proxy.ts: 13ms, render: 95ms)
[23:38:02] [FRONTEND]  GET /admin 200 in 103ms (compile: 5ms, proxy.ts: 7ms, render: 91ms)
[23:38:02] [FRONTEND]  GET /admin 200 in 144ms (compile: 10ms, proxy.ts: 8ms, render: 125ms)
[23:38:02] [FRONTEND]  GET /admin 200 in 111ms (compile: 6ms, proxy.ts: 9ms, render: 96ms)
[23:38:02] [FRONTEND]  GET /admin 200 in 68ms (compile: 5ms, proxy.ts: 9ms, render: 53ms)
[23:38:02] [FRONTEND]  GET /admin 200 in 108ms (compile: 15ms, proxy.ts: 7ms, render: 85ms)
[23:38:02] [FRONTEND]  GET /admin 200 in 93ms (compile: 5ms, proxy.ts: 7ms, render: 81ms)
[23:38:02] [FRONTEND]  GET /admin 200 in 101ms (compile: 6ms, proxy.ts: 7ms, render: 87ms)
[23:38:02] [FRONTEND]  GET /admin 200 in 103ms (compile: 7ms, proxy.ts: 7ms, render: 89ms)
[23:38:02] [FRONTEND]  GET /admin 200 in 102ms (compile: 7ms, proxy.ts: 7ms, render: 88ms)
[23:38:03] [FRONTEND]  GET /admin 200 in 145ms (compile: 7ms, proxy.ts: 8ms, render: 131ms)
[23:38:03] [FRONTEND]  GET /admin 200 in 121ms (compile: 9ms, proxy.ts: 7ms, render: 104ms)
[23:38:03] [FRONTEND]  GET /admin 200 in 153ms (compile: 6ms, proxy.ts: 7ms, render: 140ms)
[23:38:03] [FRONTEND]  GET /admin 200 in 143ms (compile: 7ms, proxy.ts: 7ms, render: 129ms)
[23:38:03] [FRONTEND]  GET /admin 200 in 106ms (compile: 10ms, proxy.ts: 8ms, render: 88ms)
[23:38:03] [FRONTEND]  GET /admin 200 in 108ms (compile: 6ms, proxy.ts: 9ms, render: 93ms)
[23:38:03] [FRONTEND]  GET /admin 200 in 114ms (compile: 6ms, proxy.ts: 8ms, render: 100ms)
[23:38:03] [FRONTEND]  GET /admin 200 in 107ms (compile: 9ms, proxy.ts: 7ms, render: 91ms)
[23:38:03] [FRONTEND]  GET /admin 200 in 97ms (compile: 8ms, proxy.ts: 7ms, render: 82ms)
[23:38:03] [FRONTEND]  GET /admin 200 in 96ms (compile: 6ms, proxy.ts: 7ms, render: 83ms)
[23:38:03] [FRONTEND]  GET /admin 200 in 95ms (compile: 6ms, proxy.ts: 7ms, render: 82ms)
[23:38:03] [FRONTEND]  GET /admin 200 in 93ms (compile: 6ms, proxy.ts: 7ms, render: 80ms)
[23:38:03] [FRONTEND]  GET /admin 200 in 83ms (compile: 7ms, proxy.ts: 7ms, render: 69ms)
[23:38:03] [FRONTEND]  GET /admin 200 in 43ms (compile: 6ms, proxy.ts: 8ms, render: 29ms)
[23:38:31] [FRONTEND]  GET /api/platform/settings 200 in 83ms (compile: 21ms, render: 62ms)
[23:39:35] [FRONTEND]  GET /api/platform/settings 200 in 75ms (compile: 16ms, render: 59ms)
[23:39:37] [FRONTEND]  GET /admin/records 200 in 65ms (compile: 20ms, proxy.ts: 7ms, render: 37ms)
[23:39:37] [FRONTEND]  GET /api/users/me 200 in 102ms (compile: 10ms, render: 92ms)
[23:39:37] [FRONTEND]  GET /api/hospitals/ 200 in 173ms (compile: 3ms, render: 171ms)
[23:39:37] [FRONTEND]  GET /api/users/me 200 in 100ms (compile: 14ms, render: 86ms)
[23:39:37] [FRONTEND]  GET /api/hospitals/ 200 in 118ms (compile: 4ms, render: 114ms)
[23:39:38] [FRONTEND]  GET /api/hospitals/ 200 in 147ms (compile: 6ms, render: 141ms)
[23:39:38] [FRONTEND]  GET /api/hospitals/ 200 in 91ms (compile: 3ms, render: 88ms)
[23:39:40] [FRONTEND]  GET /api/stats/dashboard 200 in 501ms (compile: 11ms, render: 490ms)
[23:39:41] [FRONTEND]  GET /api/stats/dashboard 200 in 520ms (compile: 3ms, render: 517ms)
[23:39:44] [FRONTEND] ○ Compiling /admin/dental ...
[23:39:44] [FRONTEND]  GET /admin/dental 200 in 3.2s (compile: 3.1s, proxy.ts: 6ms, render: 38ms)
[23:39:44] [FRONTEND]  GET /api/dental/patients 200 in 151ms (compile: 18ms, render: 134ms)
[23:39:44] [FRONTEND]  GET /api/hospitals/ 200 in 163ms (compile: 20ms, render: 143ms)
[23:39:45] [FRONTEND]  GET /api/dental/stats 500 in 630ms (compile: 6ms, render: 624ms)
[23:39:45] [FRONTEND]  GET /api/appointments?date=2026-05-25 200 in 714ms (compile: 37ms, render: 677ms)
[23:39:45] [FRONTEND] file:///D:/Website/DIGIFORTLABS/frontend/node_modules/next/dist/trace/trace.js: Invalid source map. Only conformant source maps can be used to find the original code. Cause: TypeError [ERR_INVALID_ARG_TYPE]: The "payload" argument must be of type object. Received null
[23:39:45] [FRONTEND] ⨯ TypeError: fetch failed
[23:39:45] [FRONTEND]     at async proxy (src\app\api\[...path]\route.ts:27:24)
[23:39:45] [FRONTEND]   25 |     }
[23:39:45] [FRONTEND]   26 |
[23:39:45] [FRONTEND] > 27 |     const backendRes = await fetch(url, {
[23:39:45] [FRONTEND]      |                        ^
[23:39:45] [FRONTEND]   28 |         method: req.method,
[23:39:45] [FRONTEND]   29 |         headers,
[23:39:45] [FRONTEND]   30 |         body, {
[23:39:45] [FRONTEND]   [cause]: Error: read ECONNRESET
[23:39:45] [FRONTEND]       at ignore-listed frames {
[23:39:45] [FRONTEND]     errno: -4077,
[23:39:45] [FRONTEND]     code: 'ECONNRESET',
[23:39:45] [FRONTEND]     syscall: 'read'
[23:39:45] [FRONTEND]   }
[23:39:45] [FRONTEND] }
[23:39:45] [FRONTEND]  GET /api/dental/stats 500 in 267ms (compile: 3ms, render: 263ms)
[23:39:45] [FRONTEND]  GET /api/hospitals/ 200 in 727ms (compile: 3ms, render: 724ms)
[23:39:45] [FRONTEND]  GET /api/dental/patients 200 in 818ms (compile: 4ms, render: 814ms)
[23:39:45] [FRONTEND]  GET /api/appointments?date=2026-05-25 200 in 176ms (compile: 3ms, render: 172ms)
[23:39:49] [FRONTEND]  GET /api/users/me 200 in 84ms (compile: 14ms, render: 70ms)
[23:40:02] [FRONTEND]  GET /api/platform/settings 200 in 72ms (compile: 10ms, render: 61ms)
[23:40:32] [FRONTEND]  GET /api/platform/settings 200 in 236ms (compile: 17ms, render: 219ms)
[23:41:06] [FRONTEND] ✓ Compiled in 827ms
[23:41:40] [FRONTEND]  GET /api/platform/settings 200 in 106ms (compile: 28ms, render: 78ms)
[23:42:04] [FRONTEND]  GET /api/platform/settings 200 in 227ms (compile: 15ms, render: 212ms)
[23:42:13] [FRONTEND]  GET /admin 200 in 305ms (compile: 192ms, proxy.ts: 22ms, render: 91ms)
[23:42:14] [FRONTEND]  GET /api/stats/dashboard 200 in 790ms (compile: 13ms, render: 777ms)
[23:42:14] [FRONTEND]  GET /api/stats/dashboard 200 in 358ms (compile: 3ms, render: 354ms)
[23:42:16] [FRONTEND]  GET /admin/ent 200 in 1752ms (compile: 1692ms, proxy.ts: 8ms, render: 52ms)
[23:42:16] [FRONTEND]  GET /api/ent/patients 200 in 214ms (compile: 24ms, render: 190ms)
[23:42:16] [FRONTEND]  GET /api/ent/stats 200 in 241ms (compile: 9ms, render: 232ms)
[23:42:16] [FRONTEND]  GET /api/ent/surgeries 200 in 133ms (compile: 3ms, render: 130ms)
[23:42:17] [FRONTEND]  GET /api/hospitals/ 200 in 219ms (compile: 3ms, render: 217ms)
[23:42:17] [FRONTEND]  GET /api/ent/patients 200 in 226ms (compile: 24ms, render: 202ms)
[23:42:17] [FRONTEND]  GET /api/ent/surgeries 200 in 184ms (compile: 3ms, render: 181ms)
[23:42:17] [FRONTEND]  GET /api/ent/stats 200 in 317ms (compile: 7ms, render: 310ms)
[23:42:17] [FRONTEND]  GET /api/hospitals/ 200 in 180ms (compile: 5ms, render: 176ms)
[23:42:18] [FRONTEND]  GET /admin 200 in 34ms (compile: 6ms, proxy.ts: 6ms, render: 22ms)
[23:42:18] [FRONTEND]  GET /api/stats/dashboard 200 in 383ms (compile: 9ms, render: 374ms)
[23:42:19] [FRONTEND]  GET /api/stats/dashboard 200 in 450ms (compile: 3ms, render: 447ms)
[23:42:19] [FRONTEND]  GET /admin/hms 200 in 812ms (compile: 771ms, proxy.ts: 6ms, render: 35ms)
[23:42:20] [FRONTEND]  GET /api/hms/wards 200 in 220ms (compile: 21ms, render: 199ms)
[23:42:20] [FRONTEND]  GET /api/hospitals/ 200 in 154ms (compile: 7ms, render: 147ms)
[23:42:20] [FRONTEND]  GET /api/hms/admissions/active 500 in 524ms (compile: 28ms, render: 496ms)
[23:42:20] [FRONTEND]  GET /api/hms/wards 200 in 312ms (compile: 3ms, render: 309ms)
[23:42:20] [FRONTEND]  GET /api/hospitals/ 200 in 298ms (compile: 19ms, render: 279ms)
[23:42:20] [FRONTEND]  GET /api/hms/admissions/active 500 in 239ms (compile: 7ms, render: 233ms)
[23:42:20] [FRONTEND]  GET /admin 200 in 34ms (compile: 5ms, proxy.ts: 6ms, render: 23ms)
[23:42:21] [FRONTEND]  GET /api/stats/dashboard 200 in 396ms (compile: 5ms, render: 391ms)
[23:42:21] [FRONTEND]  GET /api/stats/dashboard 200 in 479ms (compile: 10ms, render: 469ms)
[23:42:22] [FRONTEND]  GET /admin/clinic 200 in 874ms (compile: 825ms, proxy.ts: 7ms, render: 43ms)
[23:42:22] [FRONTEND]  GET /api/clinic/stats 404 in 34ms (compile: 19ms, render: 14ms)
[23:42:22] [FRONTEND]  GET /api/clinic/patients 404 in 43ms (compile: 26ms, render: 17ms)
[23:42:22] [FRONTEND]  GET /api/clinic/stats 404 in 19ms (compile: 3ms, render: 16ms)
[23:42:22] [FRONTEND]  GET /api/clinic/patients 404 in 13ms (compile: 3ms, render: 10ms)
[23:42:22] [FRONTEND]  GET /api/hospitals/ 200 in 172ms (compile: 11ms, render: 162ms)
[23:42:22] [FRONTEND]  GET /api/hospitals/ 200 in 110ms (compile: 16ms, render: 94ms)
[23:42:27] [FRONTEND]  GET /api/users/me 200 in 112ms (compile: 14ms, render: 98ms)
[23:42:31] [FRONTEND]  GET /api/platform/settings 200 in 87ms (compile: 13ms, render: 74ms)
[23:42:35] [FRONTEND]  GET /admin/clinic 200 in 375ms (compile: 7ms, proxy.ts: 8ms, render: 360ms)
[23:42:35] [FRONTEND]  GET /api/users/me 200 in 91ms (compile: 11ms, render: 80ms)
[23:42:35] [FRONTEND]  GET /api/platform/settings 200 in 155ms (compile: 48ms, render: 107ms)
[23:42:36] [FRONTEND]  GET /api/clinic/patients 404 in 212ms (compile: 56ms, render: 156ms)
[23:42:36] [FRONTEND]  GET /api/clinic/stats 404 in 216ms (compile: 67ms, render: 149ms)
[23:42:36] [FRONTEND]  GET /api/platform/settings 200 in 255ms (compile: 17ms, render: 238ms)
[23:42:36] [FRONTEND]  GET /api/clinic/patients 404 in 176ms (compile: 9ms, render: 167ms)
[23:42:36] [FRONTEND]  GET /api/clinic/stats 404 in 177ms (compile: 16ms, render: 161ms)
[23:42:36] [FRONTEND]  GET /api/users/me 200 in 340ms (compile: 6ms, render: 334ms)
[23:42:36] [FRONTEND]  GET /api/hospitals/ 200 in 546ms (compile: 5ms, render: 541ms)
[23:42:36] [FRONTEND]  GET /api/users/me 200 in 193ms (compile: 20ms, render: 173ms)
[23:42:36] [FRONTEND]  GET /api/hospitals/ 200 in 130ms (compile: 3ms, render: 127ms)
[23:42:40] [FRONTEND]  GET /api/users/me 200 in 73ms (compile: 20ms, render: 53ms)
[23:42:48] [FRONTEND]  GET /admin 200 in 35ms (compile: 5ms, proxy.ts: 6ms, render: 24ms)
[23:42:49] [FRONTEND]  GET /api/stats/dashboard 200 in 461ms (compile: 8ms, render: 452ms)
[23:42:49] [FRONTEND]  GET /api/stats/dashboard 200 in 410ms (compile: 3ms, render: 407ms)
[23:42:50] [FRONTEND]  GET /admin/clinic 200 in 39ms (compile: 6ms, proxy.ts: 6ms, render: 26ms)
[23:42:50] [FRONTEND]  GET /api/clinic/patients 404 in 24ms (compile: 11ms, render: 13ms)
[23:42:50] [FRONTEND]  GET /api/clinic/stats 404 in 19ms (compile: 4ms, render: 15ms)
[23:42:50] [FRONTEND]  GET /api/clinic/patients 404 in 15ms (compile: 4ms, render: 12ms)
[23:42:50] [FRONTEND]  GET /api/clinic/stats 404 in 17ms (compile: 6ms, render: 11ms)
[23:42:50] [FRONTEND]  GET /api/hospitals/ 200 in 241ms (compile: 10ms, render: 232ms)
[23:42:50] [FRONTEND]  GET /api/hospitals/ 200 in 91ms (compile: 4ms, render: 87ms)
[23:42:52] [FRONTEND]  GET /admin 200 in 38ms (compile: 5ms, proxy.ts: 8ms, render: 25ms)
[23:42:52] [FRONTEND]  GET /api/stats/dashboard 200 in 523ms (compile: 10ms, render: 513ms)
[23:42:53] [FRONTEND]  GET /api/stats/dashboard 200 in 417ms (compile: 5ms, render: 413ms)
[23:42:54] [FRONTEND]  GET /admin/inventory 200 in 781ms (compile: 738ms, proxy.ts: 8ms, render: 35ms)
[23:42:54] [FRONTEND]  GET /api/hospitals/ 200 in 159ms (compile: 9ms, render: 150ms)
[23:42:54] [FRONTEND]  GET /api/inventory/ 200 in 174ms (compile: 17ms, render: 157ms)
[23:42:54] [FRONTEND]  GET /api/hospitals/ 200 in 176ms (compile: 18ms, render: 158ms)
[23:42:54] [FRONTEND]  GET /api/inventory/ 200 in 186ms (compile: 5ms, render: 181ms)
[23:42:56] [FRONTEND]  GET /admin 200 in 33ms (compile: 4ms, proxy.ts: 6ms, render: 23ms)
[23:42:56] [FRONTEND]  GET /api/stats/dashboard 200 in 458ms (compile: 9ms, render: 449ms)
[23:42:57] [FRONTEND]  GET /api/stats/dashboard 200 in 483ms (compile: 3ms, render: 480ms)
[23:42:57] [FRONTEND]  GET /admin/records 200 in 343ms (compile: 268ms, proxy.ts: 6ms, render: 68ms)
[23:42:58] [FRONTEND]  GET /api/users/me 200 in 219ms (compile: 9ms, render: 210ms)
[23:42:58] [FRONTEND]  GET /api/hospitals/ 200 in 242ms (compile: 22ms, render: 220ms)
[23:42:58] [FRONTEND]  GET /api/users/me 200 in 215ms (compile: 4ms, render: 211ms)
[23:42:58] [FRONTEND]  GET /api/hospitals/ 200 in 219ms (compile: 3ms, render: 216ms)
[23:42:58] [FRONTEND]  GET /api/hospitals/ 200 in 163ms (compile: 8ms, render: 156ms)
[23:42:58] [FRONTEND]  GET /api/hospitals/ 200 in 112ms (compile: 3ms, render: 109ms)
[23:43:00] [FRONTEND]  GET /api/patients/doctors?hospital_id=1 200 in 159ms (compile: 18ms, render: 142ms)
[23:43:00] [FRONTEND]  GET /api/patients/?start_date=2026-03-01&end_date=2026-05-31&hospital_id=1 200 in 180ms (compile: 10ms, render: 170ms)
[23:43:02] [FRONTEND]  GET /admin 200 in 37ms (compile: 5ms, proxy.ts: 7ms, render: 25ms)
[23:43:03] [FRONTEND]  GET /api/stats/dashboard 200 in 934ms (compile: 9ms, render: 925ms)
[23:43:04] [FRONTEND]  GET /admin/hospitals 200 in 248ms (compile: 205ms, proxy.ts: 6ms, render: 37ms)
[23:43:04] [FRONTEND]  GET /api/stats/dashboard 200 in 531ms (compile: 3ms, render: 529ms)
[23:43:04] [FRONTEND]  GET /api/hospitals/?include_deleted=false 200 in 108ms (compile: 4ms, render: 104ms)
[23:43:04] [FRONTEND]  GET /api/hospitals/?include_deleted=false 200 in 97ms (compile: 3ms, render: 94ms)
[23:43:04] [FRONTEND]  GET /api/hospitals/stats/platform 200 in 308ms (compile: 9ms, render: 299ms)
[23:43:04] [FRONTEND]  GET /api/hospitals/stats/platform 200 in 331ms (compile: 8ms, render: 323ms)
[23:43:05] [FRONTEND]  GET /admin/platform-billing 200 in 281ms (compile: 238ms, proxy.ts: 6ms, render: 36ms)
[23:43:05] [FRONTEND]  GET /api/accounting 200 in 222ms (compile: 5ms, render: 217ms)
[23:43:05] [FRONTEND]  GET /api/accounting 200 in 125ms (compile: 3ms, render: 123ms)
[23:43:05] [FRONTEND]  GET /api/platform/settings 200 in 59ms (compile: 9ms, render: 50ms)
[23:43:06] [FRONTEND]  GET /admin/hospitals 200 in 43ms (compile: 5ms, proxy.ts: 9ms, render: 28ms)
[23:43:07] [FRONTEND]  GET /api/hospitals/?include_deleted=false 200 in 137ms (compile: 5ms, render: 132ms)
[23:43:07] [FRONTEND]  GET /api/hospitals/?include_deleted=false 200 in 145ms (compile: 10ms, render: 135ms)
[23:43:07] [FRONTEND]  GET /api/hospitals/stats/platform 200 in 373ms (compile: 21ms, render: 351ms)
[23:43:07] [FRONTEND]  GET /api/hospitals/stats/platform 200 in 329ms (compile: 3ms, render: 326ms)
[23:43:08] [FRONTEND]  GET /admin/platform-billing 200 in 44ms (compile: 5ms, proxy.ts: 7ms, render: 32ms)
[23:43:08] [FRONTEND]  GET /api/accounting 200 in 160ms (compile: 9ms, render: 151ms)
[23:43:08] [FRONTEND]  GET /api/accounting 200 in 137ms (compile: 4ms, render: 133ms)
[23:43:09] [FRONTEND]  GET /admin/audit 200 in 135ms (compile: 95ms, proxy.ts: 6ms, render: 34ms)
[23:43:10] [FRONTEND]  GET /api/audit/logs?page=1&page_size=20 200 in 147ms (compile: 13ms, render: 133ms)
[23:43:11] [FRONTEND]  GET /admin/qa 200 in 142ms (compile: 102ms, proxy.ts: 7ms, render: 33ms)
[23:43:11] [FRONTEND]  GET /api/qa?status=open 200 in 93ms (compile: 11ms, render: 83ms)
[23:43:11] [FRONTEND]  GET /api/qa?status=open 200 in 170ms (compile: 4ms, render: 167ms)
[23:43:12] [FRONTEND]  GET /api/stats/dashboard 200 in 549ms (compile: 3ms, render: 546ms)
[23:43:12] [FRONTEND]  GET /api/stats/dashboard 200 in 478ms (compile: 15ms, render: 463ms)
[23:43:13] [FRONTEND]  GET /requests 200 in 527ms (compile: 488ms, proxy.ts: 8ms, render: 31ms)
[23:43:13] [FRONTEND]  GET /api/storage/requests 200 in 86ms (compile: 11ms, render: 75ms)
[23:43:13] [FRONTEND]  GET /api/storage/requests 200 in 84ms (compile: 3ms, render: 82ms)
[23:43:14] [FRONTEND]  GET /archive 200 in 601ms (compile: 508ms, proxy.ts: 7ms, render: 86ms)
[23:43:15] [FRONTEND]  GET /api/patients/ 200 in 644ms (compile: 10ms, render: 633ms)
[23:43:15] [FRONTEND]  GET /records 200 in 39ms (compile: 4ms, proxy.ts: 7ms, render: 28ms)
[23:43:15] [FRONTEND]  GET /api/patients/ 200 in 360ms (compile: 5ms, render: 354ms)
[23:43:15] [FRONTEND]  GET /api/patients/doctors 200 in 171ms (compile: 10ms, render: 161ms)
[23:43:15] [FRONTEND]  GET /api/users/me 200 in 205ms (compile: 6ms, render: 199ms)
[23:43:15] [FRONTEND]  GET /api/patients/?start_date=2026-03-01&end_date=2026-05-31& 200 in 266ms (compile: 6ms, render: 260ms)
[23:43:15] [FRONTEND]  GET /api/users/me 200 in 146ms (compile: 20ms, render: 126ms)
[23:43:15] [FRONTEND]  GET /api/hospitals/ 200 in 171ms (compile: 5ms, render: 165ms)
[23:43:15] [FRONTEND]  GET /api/hospitals/ 200 in 139ms (compile: 8ms, render: 131ms)
[23:43:16] [FRONTEND]  GET /inventory 200 in 38ms (compile: 5ms, proxy.ts: 8ms, render: 24ms)
[23:43:17] [FRONTEND]  GET /api/hospitals/ 200 in 109ms (compile: 3ms, render: 106ms)
[23:43:17] [FRONTEND]  GET /api/inventory/ 200 in 140ms (compile: 8ms, render: 131ms)
[23:43:17] [FRONTEND]  GET /api/hospitals/ 200 in 172ms (compile: 3ms, render: 169ms)
[23:43:17] [FRONTEND]  GET /api/inventory/ 200 in 157ms (compile: 5ms, render: 153ms)
[23:43:20] [FRONTEND]  GET /requests 200 in 32ms (compile: 4ms, proxy.ts: 6ms, render: 22ms)
[23:43:20] [FRONTEND]  GET /api/storage/requests 200 in 93ms (compile: 12ms, render: 81ms)
[23:43:21] [FRONTEND]  GET /api/storage/requests 200 in 84ms (compile: 4ms, render: 81ms)
[23:43:21] [FRONTEND]  GET /archive 200 in 35ms (compile: 4ms, proxy.ts: 6ms, render: 25ms)
[23:43:21] [FRONTEND]  GET /records 200 in 33ms (compile: 4ms, proxy.ts: 6ms, render: 23ms)
[23:43:21] [FRONTEND]  GET /api/patients/ 200 in 501ms (compile: 3ms, render: 498ms)
[23:43:22] [FRONTEND]  GET /api/users/me 200 in 108ms (compile: 10ms, render: 98ms)
[23:43:22] [FRONTEND]  GET /api/patients/doctors 200 in 96ms (compile: 3ms, render: 93ms)
[23:43:22] [FRONTEND]  GET /api/patients/?start_date=2026-03-01&end_date=2026-05-31& 200 in 210ms (compile: 3ms, render: 207ms)
[23:43:22] [FRONTEND]  GET /api/users/me 200 in 140ms (compile: 3ms, render: 138ms)
[23:43:22] [FRONTEND]  GET /api/patients/ 200 in 231ms (compile: 6ms, render: 225ms)
[23:43:22] [FRONTEND]  GET /api/hospitals/ 200 in 151ms (compile: 6ms, render: 144ms)
[23:43:22] [FRONTEND]  GET /inventory 200 in 54ms (compile: 5ms, proxy.ts: 7ms, render: 41ms)
[23:43:22] [FRONTEND]  GET /api/hospitals/ 200 in 201ms (compile: 35ms, render: 166ms)
[23:43:22] [FRONTEND]  GET /api/hospitals/ 200 in 100ms (compile: 3ms, render: 97ms)
[23:43:22] [FRONTEND]  GET /api/inventory/ 200 in 136ms (compile: 8ms, render: 128ms)
[23:43:22] [FRONTEND]  GET /api/hospitals/ 200 in 160ms (compile: 4ms, render: 156ms)
[23:43:22] [FRONTEND]  GET /api/inventory/ 200 in 149ms (compile: 3ms, render: 146ms)
[23:43:23] [FRONTEND]  GET /records 200 in 33ms (compile: 5ms, proxy.ts: 6ms, render: 23ms)
[23:43:24] [FRONTEND]  GET /api/users/me 200 in 99ms (compile: 14ms, render: 85ms)
[23:43:24] [FRONTEND]  GET /api/patients/doctors 200 in 106ms (compile: 9ms, render: 97ms)
[23:43:24] [FRONTEND]  GET /api/users/me 200 in 107ms (compile: 6ms, render: 101ms)
[23:43:24] [FRONTEND]  GET /api/patients/?start_date=2026-03-01&end_date=2026-05-31& 200 in 205ms (compile: 3ms, render: 202ms)
[23:43:24] [FRONTEND]  GET /api/hospitals/ 200 in 130ms (compile: 4ms, render: 126ms)
[23:43:24] [FRONTEND]  GET /api/hospitals/ 200 in 110ms (compile: 3ms, render: 107ms)
[23:43:24] [FRONTEND]  GET /inventory 200 in 35ms (compile: 6ms, proxy.ts: 6ms, render: 22ms)
[23:43:25] [FRONTEND]  GET /api/inventory/ 200 in 126ms (compile: 3ms, render: 123ms)
[23:43:25] [FRONTEND]  GET /api/hospitals/ 200 in 136ms (compile: 11ms, render: 125ms)
[23:43:25] [FRONTEND]  GET /api/inventory/ 200 in 185ms (compile: 8ms, render: 176ms)
[23:43:25] [FRONTEND]  GET /api/hospitals/ 200 in 171ms (compile: 3ms, render: 169ms)
[23:43:26] [FRONTEND]  GET /records 200 in 39ms (compile: 6ms, proxy.ts: 8ms, render: 25ms)
[23:43:26] [FRONTEND]  GET /api/patients/doctors 200 in 194ms (compile: 16ms, render: 178ms)
[23:43:26] [FRONTEND]  GET /api/users/me 200 in 214ms (compile: 39ms, render: 175ms)
[23:43:26] [FRONTEND]  GET /api/patients/?start_date=2026-03-01&end_date=2026-05-31& 200 in 294ms (compile: 11ms, render: 283ms)
[23:43:26] [FRONTEND]  GET /api/users/me 200 in 102ms (compile: 13ms, render: 89ms)
[23:43:26] [FRONTEND]  GET /api/hospitals/ 200 in 85ms (compile: 3ms, render: 82ms)
[23:43:26] [FRONTEND]  GET /api/hospitals/ 200 in 112ms (compile: 3ms, render: 109ms)
[23:43:28] [FRONTEND]  GET /inventory 200 in 36ms (compile: 5ms, proxy.ts: 7ms, render: 24ms)
[23:43:28] [FRONTEND]  GET /api/inventory/ 200 in 117ms (compile: 10ms, render: 107ms)
[23:43:28] [FRONTEND]  GET /api/hospitals/ 200 in 187ms (compile: 17ms, render: 170ms)
[23:43:28] [FRONTEND]  GET /api/inventory/ 200 in 172ms (compile: 17ms, render: 156ms)
[23:43:28] [FRONTEND]  GET /api/hospitals/ 200 in 117ms (compile: 4ms, render: 113ms)
[23:43:33] [FRONTEND] file:///D:/Website/DIGIFORTLABS/frontend/node_modules/next/dist/trace/trace.js: Invalid source map. Only conformant source maps can be used to find the original code. Cause: TypeError [ERR_INVALID_ARG_TYPE]: The "payload" argument must be of type object. Received null
[23:43:33] [FRONTEND] ⨯ TypeError: fetch failed
[23:43:33] [FRONTEND]     at async proxy (src\app\api\[...path]\route.ts:27:24)
[23:43:33] [FRONTEND]   25 |     }
[23:43:33] [FRONTEND]   26 |
[23:43:33] [FRONTEND] > 27 |     const backendRes = await fetch(url, {
[23:43:33] [FRONTEND]      |                        ^
[23:43:33] [FRONTEND]   28 |         method: req.method,
[23:43:33] [FRONTEND]   29 |         headers,
[23:43:33] [FRONTEND]   30 |         body, {
[23:43:33] [FRONTEND]   [cause]: AggregateError: 
[23:43:33] [FRONTEND]       at ignore-listed frames {
[23:43:33] [FRONTEND]     code: 'ECONNREFUSED'
[23:43:33] [FRONTEND]   }
[23:43:33] [FRONTEND] }
[23:43:33] [FRONTEND]  GET /api/users/me 500 in 181ms (compile: 8ms, render: 173ms)
[23:43:35] [FRONTEND] file:///D:/Website/DIGIFORTLABS/frontend/node_modules/next/dist/trace/trace.js: Invalid source map. Only conformant source maps can be used to find the original code. Cause: TypeError [ERR_INVALID_ARG_TYPE]: The "payload" argument must be of type object. Received null
[23:43:35] [FRONTEND] ⨯ TypeError: fetch failed
[23:43:35] [FRONTEND]     at async proxy (src\app\api\[...path]\route.ts:27:24)
[23:43:35] [FRONTEND]   25 |     }
[23:43:35] [FRONTEND]   26 |
[23:43:35] [FRONTEND] > 27 |     const backendRes = await fetch(url, {
[23:43:35] [FRONTEND]      |                        ^
[23:43:35] [FRONTEND]   28 |         method: req.method,
[23:43:35] [FRONTEND]   29 |         headers,
[23:43:35] [FRONTEND]   30 |         body, {
[23:43:35] [FRONTEND]   [cause]: AggregateError: 
[23:43:35] [FRONTEND]       at ignore-listed frames {
[23:43:35] [FRONTEND]     code: 'ECONNREFUSED'
[23:43:35] [FRONTEND]   }
[23:43:35] [FRONTEND] }
[23:43:35] [FRONTEND]  GET /api/platform/settings 500 in 149ms (compile: 32ms, render: 117ms)
[23:44:05] [FRONTEND]  GET /api/platform/settings 200 in 88ms (compile: 11ms, render: 77ms)
[23:44:36] [FRONTEND]  GET /api/platform/settings 200 in 75ms (compile: 9ms, render: 66ms)
[23:44:43] [FRONTEND] ✓ Compiled in 838ms
[23:44:43] [FRONTEND]  GET /api/inventory/ 200 in 141ms (compile: 19ms, render: 122ms)
[23:44:54] [FRONTEND]  GET /inventory 200 in 227ms (compile: 172ms, proxy.ts: 7ms, render: 48ms)
[23:44:55] [FRONTEND]  GET /records 200 in 37ms (compile: 4ms, proxy.ts: 7ms, render: 26ms)
[23:44:55] [FRONTEND]  GET /api/users/me 200 in 266ms (compile: 65ms, render: 201ms)
[23:44:55] [FRONTEND]  GET /api/patients/doctors 200 in 361ms (compile: 43ms, render: 317ms)
[23:44:56] [FRONTEND]  GET /api/patients/?start_date=2026-03-01&end_date=2026-05-31& 200 in 481ms (compile: 39ms, render: 443ms)
[23:44:56] [FRONTEND]  GET /api/users/me 200 in 269ms (compile: 4ms, render: 265ms)
[23:44:56] [FRONTEND]  GET /api/hospitals/ 200 in 217ms (compile: 14ms, render: 203ms)
[23:44:56] [FRONTEND]  GET /inventory 200 in 63ms (compile: 21ms, proxy.ts: 10ms, render: 32ms)
[23:44:56] [FRONTEND]  GET /api/hospitals/ 200 in 152ms (compile: 4ms, render: 148ms)
[23:44:56] [FRONTEND]  GET /api/inventory/ 200 in 133ms (compile: 4ms, render: 129ms)
[23:44:56] [FRONTEND]  GET /api/inventory/ 200 in 103ms (compile: 5ms, render: 98ms)
[23:44:57] [FRONTEND]  GET /records 200 in 38ms (compile: 5ms, proxy.ts: 6ms, render: 26ms)
[23:44:57] [FRONTEND]  GET /api/users/me 200 in 109ms (compile: 11ms, render: 98ms)
[23:44:57] [FRONTEND]  GET /api/patients/doctors 200 in 120ms (compile: 9ms, render: 111ms)
[23:44:57] [FRONTEND]  GET /api/users/me 200 in 126ms (compile: 9ms, render: 117ms)
[23:44:57] [FRONTEND]  GET /api/patients/?start_date=2026-03-01&end_date=2026-05-31& 200 in 245ms (compile: 3ms, render: 241ms)
[23:44:57] [FRONTEND]  GET /api/hospitals/ 200 in 126ms (compile: 3ms, render: 123ms)
[23:44:57] [FRONTEND]  GET /api/hospitals/ 200 in 140ms (compile: 3ms, render: 137ms)
[23:44:58] [FRONTEND]  GET /archive 200 in 51ms (compile: 8ms, proxy.ts: 20ms, render: 24ms)
[23:44:58] [FRONTEND]  GET /api/patients/ 200 in 202ms (compile: 3ms, render: 198ms)
[23:44:58] [FRONTEND]  GET /api/patients/ 200 in 280ms (compile: 7ms, render: 273ms)
[23:44:59] [FRONTEND]  GET /requests 200 in 34ms (compile: 4ms, proxy.ts: 7ms, render: 23ms)
[23:44:59] [FRONTEND]  GET /api/storage/requests 200 in 169ms (compile: 10ms, render: 160ms)
[23:44:59] [FRONTEND]  GET /api/storage/requests 200 in 93ms (compile: 4ms, render: 89ms)
[23:45:00] [FRONTEND]  GET /inventory 200 in 40ms (compile: 9ms, proxy.ts: 7ms, render: 24ms)
[23:45:01] [FRONTEND]  GET /api/inventory/ 200 in 86ms (compile: 14ms, render: 73ms)
[23:45:01] [FRONTEND]  GET /api/inventory/ 200 in 143ms (compile: 2ms, render: 141ms)
[23:45:05] [FRONTEND]  GET /api/platform/settings 200 in 47ms (compile: 8ms, render: 39ms)
[23:45:06] [FRONTEND]  GET /api/users/me 200 in 76ms (compile: 3ms, render: 73ms)
[23:45:30] [FRONTEND]  GET /records 200 in 35ms (compile: 4ms, proxy.ts: 7ms, render: 24ms)
[23:45:30] [FRONTEND]  GET /api/users/me 200 in 84ms (compile: 10ms, render: 74ms)
[23:45:31] [FRONTEND]  GET /api/patients/?start_date=2026-03-01&end_date=2026-05-31& 200 in 187ms (compile: 3ms, render: 184ms)
[23:45:31] [FRONTEND]  GET /api/patients/doctors 200 in 100ms (compile: 4ms, render: 96ms)
[23:45:31] [FRONTEND]  GET /api/users/me 200 in 243ms (compile: 27ms, render: 216ms)
[23:45:31] [FRONTEND]  GET /api/hospitals/ 200 in 244ms (compile: 3ms, render: 241ms)
[23:45:31] [FRONTEND]  GET /api/hospitals/ 200 in 85ms (compile: 3ms, render: 82ms)
[23:45:31] [FRONTEND]  GET /inventory 200 in 40ms (compile: 5ms, proxy.ts: 9ms, render: 27ms)
[23:45:31] [FRONTEND]  GET /api/inventory/ 200 in 105ms (compile: 3ms, render: 102ms)
[23:45:31] [FRONTEND]  GET /api/inventory/ 200 in 85ms (compile: 5ms, render: 80ms)
[23:45:32] [FRONTEND]  GET /admin 200 in 33ms (compile: 6ms, proxy.ts: 6ms, render: 21ms)
[23:45:33] [FRONTEND]  GET /api/stats/dashboard 200 in 529ms (compile: 12ms, render: 517ms)
[23:45:33] [FRONTEND]  GET /api/stats/dashboard 200 in 606ms (compile: 20ms, render: 586ms)
[23:45:34] [FRONTEND]  GET /admin/settings 200 in 1126ms (compile: 1081ms, proxy.ts: 11ms, render: 35ms)
[23:45:35] [FRONTEND]  GET /api/platform/settings 200 in 316ms (compile: 31ms, render: 285ms)
[23:45:35] [FRONTEND]  GET /api/platform/ocr-status 200 in 324ms (compile: 18ms, render: 306ms)
[23:45:35] [FRONTEND]  GET /api/platform/system-error-logs 200 in 330ms (compile: 26ms, render: 304ms)
[23:45:35] [FRONTEND]  GET /api/platform/settings 200 in 120ms (compile: 4ms, render: 116ms)
[23:45:35] [FRONTEND]  GET /api/platform/ocr-logs 200 in 363ms (compile: 3ms, render: 360ms)
[23:45:35] [FRONTEND]  GET /api/platform/ocr-status 200 in 384ms (compile: 11ms, render: 373ms)
[23:45:35] [FRONTEND]  GET /api/users/ 200 in 739ms (compile: 45ms, render: 694ms)
[23:45:35] [FRONTEND]  GET /api/platform/system-error-logs 200 in 379ms (compile: 9ms, render: 371ms)
[23:45:35] [FRONTEND]  GET /api/platform/ocr-logs 200 in 144ms (compile: 12ms, render: 132ms)
[23:45:35] [FRONTEND]  GET /api/users/ 200 in 237ms (compile: 6ms, render: 231ms)
[23:45:35] [FRONTEND]  GET /api/platform/settings 200 in 90ms (compile: 8ms, render: 82ms)
[23:45:39] [FRONTEND]  GET /api/users/me 200 in 133ms (compile: 9ms, render: 124ms)
[23:45:41] [FRONTEND]  GET /api/auth/csrf-token 200 in 55ms (compile: 9ms, render: 46ms)
[23:45:41] [FRONTEND]  POST /api/platform/settings/announcement 200 in 290ms (compile: 4ms, render: 286ms)
[23:45:42] [FRONTEND]  POST /api/platform/settings/maintenance_mode 200 in 222ms (compile: 8ms, render: 214ms)
[23:45:49] [FRONTEND]  POST /api/platform/settings/maintenance_mode 200 in 216ms (compile: 10ms, render: 206ms)
[23:45:50] [FRONTEND]  GET /api/accounting/config 200 in 112ms (compile: 13ms, render: 99ms)
[23:45:50] [FRONTEND]  GET /api/users/login-activity?limit=20 200 in 318ms (compile: 3ms, render: 315ms)
[23:45:50] [FRONTEND]  GET /api/accounting/config 200 in 245ms (compile: 65ms, render: 179ms)
[23:45:50] [FRONTEND]  GET /api/users/login-activity?limit=20 200 in 212ms (compile: 4ms, render: 208ms)
[23:45:55] [FRONTEND]  POST /api/accounting/config 200 in 125ms (compile: 10ms, render: 115ms)
[23:46:03] [FRONTEND]  POST /api/accounting/config 200 in 94ms (compile: 11ms, render: 84ms)
[23:46:05] [FRONTEND]  GET /admin 200 in 40ms (compile: 5ms, proxy.ts: 10ms, render: 26ms)
[23:46:06] [FRONTEND]  GET /api/stats/dashboard 200 in 471ms (compile: 9ms, render: 462ms)
[23:46:06] [FRONTEND]  GET /api/platform/settings 200 in 199ms (compile: 101ms, render: 98ms)
[23:46:06] [FRONTEND]  GET /api/stats/dashboard 200 in 689ms (compile: 15ms, render: 674ms)
[23:46:10] [FRONTEND]  GET /api/users/me 200 in 75ms (compile: 9ms, render: 66ms)
[23:46:20] [FRONTEND]  GET /login 200 in 302ms (compile: 18ms, proxy.ts: 6ms, render: 278ms)
[23:46:27] [FRONTEND]  GET /api/auth/csrf-token 200 in 29ms (compile: 13ms, render: 16ms)
[23:46:27] [FRONTEND]  POST /api/auth/check-email 200 in 67ms (compile: 3ms, render: 64ms)
[23:46:30] [FRONTEND]  POST /api/auth/token 200 in 432ms (compile: 32ms, render: 400ms)
[23:46:30] [FRONTEND]  GET /hospital 200 in 329ms (compile: 289ms, proxy.ts: 7ms, render: 33ms)
[23:46:31] [FRONTEND]  GET /api/users/me 200 in 251ms (compile: 9ms, render: 242ms)
[23:46:31] [FRONTEND]  GET /api/users/me 200 in 193ms (compile: 7ms, render: 186ms)
[23:46:31] [FRONTEND]  GET /api/stats/dashboard 200 in 616ms (compile: 23ms, render: 593ms)
[23:46:32] [FRONTEND]  GET /api/stats/dashboard 200 in 451ms (compile: 30ms, render: 421ms)
[23:46:35] [FRONTEND]  GET /api/platform/settings 200 in 75ms (compile: 11ms, render: 65ms)
[23:46:36] [FRONTEND]  GET /api/users/me 200 in 136ms (compile: 3ms, render: 133ms)
[23:47:06] [FRONTEND]  GET /api/platform/settings 200 in 76ms (compile: 9ms, render: 67ms)
[23:47:26] [FRONTEND]  GET /admin/settings 200 in 45ms (compile: 6ms, proxy.ts: 9ms, render: 30ms)
[23:47:27] [FRONTEND]  GET /api/users/ 200 in 283ms (compile: 22ms, render: 261ms)
[23:47:27] [FRONTEND]  GET /api/platform/settings 200 in 89ms (compile: 9ms, render: 80ms)
[23:47:27] [FRONTEND]  GET /api/platform/settings 200 in 294ms (compile: 4ms, render: 290ms)
[23:47:27] [FRONTEND]  GET /api/platform/ocr-status 200 in 369ms (compile: 7ms, render: 362ms)
[23:47:27] [FRONTEND]  GET /api/platform/system-error-logs 200 in 376ms (compile: 14ms, render: 362ms)
[23:47:27] [FRONTEND]  GET /api/users/ 200 in 625ms (compile: 22ms, render: 604ms)
[23:47:27] [FRONTEND]  GET /api/platform/system-error-logs 200 in 313ms (compile: 12ms, render: 301ms)
[23:47:27] [FRONTEND]  GET /api/platform/ocr-logs 200 in 317ms (compile: 25ms, render: 292ms)
[23:47:27] [FRONTEND]  GET /api/platform/ocr-status 200 in 320ms (compile: 19ms, render: 301ms)
[23:47:28] [FRONTEND]  GET /api/platform/ocr-logs 200 in 152ms (compile: 4ms, render: 148ms)
[23:47:30] [FRONTEND]  POST /api/platform/settings/maintenance_mode 200 in 204ms (compile: 9ms, render: 195ms)
[23:47:31] [FRONTEND]  POST /api/platform/settings/maintenance_mode 200 in 250ms (compile: 8ms, render: 242ms)
[23:47:31] [FRONTEND]  GET /api/users/me 200 in 99ms (compile: 3ms, render: 96ms)
[23:47:35] [FRONTEND]  GET /api/platform/settings 200 in 85ms (compile: 11ms, render: 74ms)
[23:47:38] [FRONTEND]  POST /api/platform/settings/announcement 200 in 229ms (compile: 8ms, render: 220ms)
[23:47:40] [FRONTEND]  GET /admin 200 in 167ms (compile: 4ms, proxy.ts: 7ms, render: 155ms)
[23:47:41] [FRONTEND]  GET /api/stats/dashboard 200 in 504ms (compile: 11ms, render: 493ms)
[23:47:41] [FRONTEND]  GET /api/stats/dashboard 200 in 674ms (compile: 66ms, render: 608ms)
[23:47:45] [FRONTEND]  GET /api/users/me 200 in 61ms (compile: 9ms, render: 52ms)
[23:48:00] [FRONTEND]  GET /records 200 in 1148ms (compile: 1093ms, proxy.ts: 8ms, render: 48ms)
[23:48:01] [FRONTEND]  GET /api/users/me 200 in 346ms (compile: 22ms, render: 324ms)
[23:48:01] [FRONTEND]  GET /api/patients/doctors 200 in 184ms (compile: 3ms, render: 181ms)
[23:48:01] [FRONTEND]  GET /api/users/me 200 in 271ms (compile: 15ms, render: 257ms)
[23:48:01] [FRONTEND]  GET /api/patients/?start_date=2026-03-01&end_date=2026-05-31& 200 in 272ms (compile: 21ms, render: 250ms)
[23:48:01] [FRONTEND]  GET /api/patients/?start_date=2026-03-01&end_date=2026-05-31& 200 in 182ms (compile: 3ms, render: 179ms)
[23:48:02] [FRONTEND]  GET /api/patients/?start_date=2026-03-01&end_date=2026-05-31& 200 in 272ms (compile: 3ms, render: 269ms)
[23:48:03] [FRONTEND]  GET /hospital/records 200 in 36ms (compile: 4ms, proxy.ts: 6ms, render: 26ms)
[23:48:06] [FRONTEND]  GET /api/platform/settings 200 in 74ms (compile: 12ms, render: 62ms)
[23:48:08] [FRONTEND]  GET /api/users/me 200 in 106ms (compile: 10ms, render: 96ms)
[23:48:10] [LIVE] /home/ec2-user/.local/lib/python3.9/site-packages/fastapi/openapi/utils.py:255: UserWarning: Duplicate Operation ID get_patient_scans_dental_scans_patient__patient_id__get for function get_patient_scans at /home/ec2-user/digifortlabs/backend/app/routers/dental.py
[23:48:10] [LIVE]   warnings.warn(message, stacklevel=1)
[23:48:10] [LIVE] /home/ec2-user/.local/lib/python3.9/site-packages/fastapi/openapi/utils.py:255: UserWarning: Duplicate Operation ID delete_all_patient_scans_dental_scans_patient__patient_id__delete for function delete_all_patient_scans at /home/ec2-user/digifortlabs/backend/app/routers/dental.py
[23:48:10] [LIVE]   warnings.warn(message, stacklevel=1)
[23:48:22] [FRONTEND] ✓ Compiled in 584ms
[23:48:35] [FRONTEND] ✓ Compiled in 802ms
[23:48:36] [FRONTEND] Warning: Please use the `legacy` build in Node.js environments.
[23:48:36] [FRONTEND]  GET /hospital/records 200 in 1012ms (compile: 309ms, proxy.ts: 8ms, render: 694ms)
[23:48:36] [FRONTEND]  GET /api/platform/settings 200 in 111ms (compile: 16ms, render: 95ms)
[23:48:38] [FRONTEND]  GET /api/users/me 401 in 20ms (compile: 9ms, render: 11ms)
[23:48:38] [FRONTEND]  GET /login 200 in 35ms (compile: 5ms, proxy.ts: 7ms, render: 22ms)
[23:48:39] [FRONTEND]  GET /login?reason=session_expired 200 in 108ms (compile: 5ms, proxy.ts: 7ms, render: 96ms)
[23:49:40] [FRONTEND]  GET /api/platform/settings 200 in 67ms (compile: 11ms, render: 56ms)
[23:50:40] [FRONTEND]  GET /api/platform/settings 200 in 234ms (compile: 9ms, render: 225ms)
[23:51:40] [FRONTEND]  GET /api/platform/settings 200 in 222ms (compile: 11ms, render: 211ms)
[23:52:40] [FRONTEND]  GET /api/platform/settings 200 in 236ms (compile: 8ms, render: 227ms)
[23:52:41] [FRONTEND]  GET /api/users/me 200 in 357ms (compile: 8ms, render: 349ms)
[23:53:40] [FRONTEND]  GET /api/platform/settings 200 in 68ms (compile: 9ms, render: 59ms)
[23:54:39] [FRONTEND]  GET /api/platform/settings 200 in 65ms (compile: 8ms, render: 57ms)
[23:55:40] [FRONTEND]  GET /api/platform/settings 200 in 66ms (compile: 9ms, render: 56ms)
[23:56:11] [FRONTEND]  GET /login?reason=session_expired 200 in 697ms (compile: 268ms, proxy.ts: 61ms, render: 368ms)
[23:56:11] [FRONTEND]  GET /login?reason=session_expired 200 in 306ms (compile: 69ms, proxy.ts: 54ms, render: 183ms)
[23:56:11] [FRONTEND]  GET /login?reason=session_expired 200 in 129ms (compile: 24ms, proxy.ts: 11ms, render: 94ms)
[23:56:11] [FRONTEND]  GET /login?reason=session_expired 200 in 177ms (compile: 15ms, proxy.ts: 33ms, render: 129ms)
[23:56:11] [FRONTEND]  GET /login?reason=session_expired 200 in 96ms (compile: 6ms, proxy.ts: 10ms, render: 80ms)
[23:56:11] [FRONTEND]  GET /login?reason=session_expired 200 in 168ms (compile: 20ms, proxy.ts: 8ms, render: 139ms)
[23:56:11] [FRONTEND]  GET /login?reason=session_expired 200 in 102ms (compile: 20ms, proxy.ts: 10ms, render: 71ms)
[23:56:11] [FRONTEND]  GET /login?reason=session_expired 200 in 183ms (compile: 14ms, proxy.ts: 12ms, render: 157ms)
[23:56:11] [FRONTEND]  GET /login?reason=session_expired 200 in 126ms (compile: 5ms, proxy.ts: 10ms, render: 111ms)
[23:56:11] [FRONTEND]  GET /login?reason=session_expired 200 in 80ms (compile: 8ms, proxy.ts: 8ms, render: 64ms)
[23:56:12] [FRONTEND]  GET /login?reason=session_expired 200 in 312ms (compile: 14ms, proxy.ts: 11ms, render: 287ms)
[23:56:12] [FRONTEND]  GET /login?reason=session_expired 200 in 252ms (compile: 51ms, proxy.ts: 119ms, render: 82ms)
[23:56:12] [FRONTEND]  GET /admin 200 in 369ms (compile: 32ms, proxy.ts: 8ms, render: 329ms)
[23:56:12] [FRONTEND]  GET /login?reason=session_expired 200 in 381ms (compile: 11ms, proxy.ts: 81ms, render: 289ms)
[23:56:12] [FRONTEND]  GET /admin 200 in 342ms (compile: 14ms, proxy.ts: 18ms, render: 309ms)
[23:56:12] [FRONTEND]  GET /login?reason=session_expired 200 in 357ms (compile: 53ms, proxy.ts: 19ms, render: 285ms)
[23:56:12] [FRONTEND]  GET /admin 200 in 304ms (compile: 13ms, proxy.ts: 18ms, render: 273ms)
[23:56:12] [FRONTEND]  GET /login?reason=session_expired 200 in 302ms (compile: 52ms, proxy.ts: 21ms, render: 229ms)
[23:56:12] [FRONTEND]  GET /login?reason=session_expired 200 in 289ms (compile: 13ms, proxy.ts: 13ms, render: 263ms)
[23:56:12] [FRONTEND]  GET /admin 200 in 289ms (compile: 47ms, proxy.ts: 13ms, render: 229ms)
[23:56:13] [FRONTEND]  GET /login?reason=session_expired 200 in 263ms (compile: 16ms, proxy.ts: 22ms, render: 224ms)
[23:56:13] [FRONTEND]  GET /admin 200 in 248ms (compile: 20ms, proxy.ts: 47ms, render: 180ms)
[23:56:13] [FRONTEND]  GET /login?reason=session_expired 200 in 261ms (compile: 9ms, proxy.ts: 20ms, render: 231ms)
[23:56:13] [FRONTEND]  GET /admin 200 in 274ms (compile: 54ms, proxy.ts: 12ms, render: 207ms)
[23:56:13] [FRONTEND]  GET /admin 200 in 288ms (compile: 11ms, proxy.ts: 15ms, render: 262ms)
[23:56:13] [FRONTEND]  GET /login?reason=session_expired 200 in 306ms (compile: 57ms, proxy.ts: 20ms, render: 229ms)
[23:56:13] [FRONTEND]  GET /login?reason=session_expired 200 in 361ms (compile: 14ms, proxy.ts: 28ms, render: 319ms)
[23:56:13] [FRONTEND]  GET /admin 200 in 381ms (compile: 71ms, proxy.ts: 18ms, render: 292ms)
[23:56:13] [FRONTEND]  GET /admin 200 in 350ms (compile: 17ms, proxy.ts: 31ms, render: 302ms)
[23:56:13] [FRONTEND]  GET /login?reason=session_expired 200 in 362ms (compile: 76ms, proxy.ts: 20ms, render: 266ms)
[23:56:13] [FRONTEND]  GET /admin 200 in 243ms (compile: 13ms, proxy.ts: 26ms, render: 205ms)
[23:56:13] [FRONTEND]  GET /login?reason=session_expired 200 in 225ms (compile: 44ms, proxy.ts: 13ms, render: 168ms)
[23:56:13] [FRONTEND]  GET /login?reason=session_expired 200 in 121ms (compile: 6ms, proxy.ts: 15ms, render: 100ms)
[23:56:13] [FRONTEND]  GET /admin 200 in 147ms (compile: 48ms, proxy.ts: 29ms, render: 70ms)
[23:56:13] [FRONTEND]  GET /login?reason=session_expired 200 in 347ms (compile: 50ms, proxy.ts: 19ms, render: 278ms)
[23:56:13] [FRONTEND]  GET /admin 200 in 351ms (compile: 14ms, proxy.ts: 18ms, render: 319ms)
[23:56:13] [FRONTEND]  GET /login?reason=session_expired 200 in 259ms (compile: 46ms, proxy.ts: 12ms, render: 201ms)
[23:56:13] [FRONTEND]  GET /admin 200 in 264ms (compile: 9ms, proxy.ts: 12ms, render: 242ms)
[23:56:14] [FRONTEND]  GET /admin 200 in 286ms (compile: 9ms, proxy.ts: 19ms, render: 257ms)
[23:56:14] [FRONTEND]  GET /login?reason=session_expired 200 in 286ms (compile: 42ms, proxy.ts: 19ms, render: 225ms)
[23:56:14] [FRONTEND]  GET /login?reason=session_expired 200 in 172ms (compile: 18ms, proxy.ts: 21ms, render: 133ms)
[23:56:14] [FRONTEND]  GET /admin 200 in 177ms (compile: 52ms, proxy.ts: 22ms, render: 103ms)
[23:56:14] [FRONTEND]  GET /admin 200 in 411ms (compile: 64ms, proxy.ts: 12ms, render: 335ms)
[23:56:14] [FRONTEND]  GET /login?reason=session_expired 200 in 424ms (compile: 105ms, proxy.ts: 18ms, render: 301ms)
[23:56:14] [FRONTEND]  GET /admin 200 in 439ms (compile: 23ms, proxy.ts: 22ms, render: 394ms)
[23:56:14] [FRONTEND]  GET /login?reason=session_expired 200 in 427ms (compile: 55ms, proxy.ts: 18ms, render: 354ms)
[23:56:14] [FRONTEND]  GET /admin 200 in 323ms (compile: 10ms, proxy.ts: 19ms, render: 294ms)
[23:56:14] [FRONTEND]  GET /login?reason=session_expired 200 in 324ms (compile: 46ms, proxy.ts: 17ms, render: 261ms)
[23:56:14] [FRONTEND]  GET /admin 200 in 232ms (compile: 15ms, proxy.ts: 25ms, render: 193ms)
[23:56:14] [FRONTEND]  GET /login?reason=session_expired 200 in 225ms (compile: 53ms, proxy.ts: 20ms, render: 153ms)
[23:56:15] [FRONTEND]  GET /login?reason=session_expired 200 in 579ms (compile: 149ms, proxy.ts: 70ms, render: 360ms)
[23:56:15] [FRONTEND]  GET /admin 200 in 585ms (compile: 190ms, proxy.ts: 70ms, render: 326ms)
[23:56:15] [FRONTEND]  GET /login?reason=session_expired 200 in 349ms (compile: 55ms, proxy.ts: 14ms, render: 280ms)
[23:56:15] [FRONTEND]  GET /admin 200 in 351ms (compile: 14ms, proxy.ts: 13ms, render: 324ms)
[23:56:15] [FRONTEND]  GET /login?reason=session_expired 200 in 360ms (compile: 48ms, proxy.ts: 10ms, render: 302ms)
[23:56:15] [FRONTEND]  GET /admin 200 in 374ms (compile: 13ms, proxy.ts: 16ms, render: 345ms)
[23:56:15] [FRONTEND]  GET /admin 200 in 362ms (compile: 67ms, proxy.ts: 12ms, render: 283ms)
[23:56:15] [FRONTEND]  GET /login?reason=session_expired 200 in 382ms (compile: 112ms, proxy.ts: 14ms, render: 255ms)
[23:56:15] [FRONTEND]  GET /admin 200 in 380ms (compile: 35ms, proxy.ts: 13ms, render: 332ms)
[23:56:15] [FRONTEND]  GET /login?reason=session_expired 200 in 329ms (compile: 46ms, proxy.ts: 14ms, render: 270ms)
[23:56:15] [FRONTEND]  GET /admin 200 in 333ms (compile: 15ms, proxy.ts: 14ms, render: 304ms)
[23:56:15] [FRONTEND]  GET /login?reason=session_expired 200 in 332ms (compile: 41ms, proxy.ts: 15ms, render: 276ms)
[23:56:15] [FRONTEND]  GET /admin 200 in 336ms (compile: 9ms, proxy.ts: 15ms, render: 312ms)
[23:56:16] [FRONTEND]  GET /admin 200 in 347ms (compile: 68ms, proxy.ts: 15ms, render: 263ms)
[23:56:16] [FRONTEND]  GET /login?reason=session_expired 200 in 349ms (compile: 9ms, proxy.ts: 15ms, render: 325ms)
[23:56:16] [FRONTEND]  GET /login?reason=session_expired 200 in 240ms (compile: 10ms, proxy.ts: 19ms, render: 210ms)
[23:56:16] [FRONTEND]  GET /admin 200 in 239ms (compile: 42ms, proxy.ts: 20ms, render: 178ms)
[23:56:16] [FRONTEND]  GET /login?reason=session_expired 200 in 241ms (compile: 54ms, proxy.ts: 15ms, render: 171ms)
[23:56:16] [FRONTEND]  GET /admin 200 in 240ms (compile: 10ms, proxy.ts: 15ms, render: 215ms)
[23:56:16] [FRONTEND]  GET /login?reason=session_expired 200 in 144ms (compile: 18ms, proxy.ts: 17ms, render: 109ms)
[23:56:16] [FRONTEND]  GET /admin 200 in 148ms (compile: 54ms, proxy.ts: 13ms, render: 81ms)
[23:56:16] [FRONTEND]  GET /admin 200 in 303ms (compile: 17ms, proxy.ts: 13ms, render: 274ms)
[23:56:16] [FRONTEND]  GET /login?reason=session_expired 200 in 311ms (compile: 54ms, proxy.ts: 14ms, render: 242ms)
[23:56:16] [FRONTEND]  GET /admin 200 in 235ms (compile: 13ms, proxy.ts: 21ms, render: 200ms)
[23:56:16] [FRONTEND]  GET /login?reason=session_expired 200 in 233ms (compile: 62ms, proxy.ts: 21ms, render: 150ms)
[23:56:16] [FRONTEND]  GET /admin 200 in 266ms (compile: 12ms, proxy.ts: 70ms, render: 184ms)
[23:56:16] [FRONTEND]  GET /admin 200 in 255ms (compile: 30ms, proxy.ts: 9ms, render: 216ms)
[23:56:16] [FRONTEND]  GET /login?reason=session_expired 200 in 273ms (compile: 74ms, proxy.ts: 12ms, render: 187ms)
[23:56:16] [FRONTEND]  GET /admin 200 in 304ms (compile: 35ms, proxy.ts: 8ms, render: 261ms)
[23:56:16] [FRONTEND]  GET /login?reason=session_expired 200 in 290ms (compile: 65ms, proxy.ts: 106ms, render: 118ms)
[23:56:16] [FRONTEND]  GET /admin 200 in 193ms (compile: 18ms, proxy.ts: 16ms, render: 159ms)
[23:56:17] [FRONTEND]  GET /admin 200 in 136ms (compile: 40ms, proxy.ts: 45ms, render: 51ms)
[23:56:17] [FRONTEND]  GET /admin 200 in 160ms (compile: 9ms, proxy.ts: 6ms, render: 145ms)
[23:56:17] [FRONTEND]  GET /login?reason=session_expired 200 in 310ms (compile: 95ms, proxy.ts: 117ms, render: 98ms)
[23:56:17] [FRONTEND]  GET /login?reason=session_expired 200 in 367ms (compile: 36ms, proxy.ts: 14ms, render: 318ms)
[23:56:17] [FRONTEND]  GET /admin 200 in 413ms (compile: 101ms, proxy.ts: 47ms, render: 266ms)
[23:56:17] [FRONTEND]  GET /admin 200 in 212ms (compile: 8ms, proxy.ts: 27ms, render: 177ms)
[23:56:17] [FRONTEND]  GET /login?reason=session_expired 200 in 259ms (compile: 85ms, proxy.ts: 27ms, render: 147ms)
[23:56:17] [FRONTEND]  GET /admin 200 in 235ms (compile: 63ms, proxy.ts: 13ms, render: 160ms)
[23:56:18] [FRONTEND]  GET /admin 200 in 387ms (compile: 176ms, proxy.ts: 18ms, render: 193ms)
[23:56:18] [FRONTEND]  GET /login?reason=session_expired 200 in 400ms (compile: 220ms, proxy.ts: 19ms, render: 161ms)
[23:56:18] [FRONTEND]  GET /login?reason=session_expired 200 in 220ms (compile: 130ms, proxy.ts: 14ms, render: 76ms)
[23:56:18] [FRONTEND]  GET /admin 200 in 277ms (compile: 105ms, proxy.ts: 50ms, render: 122ms)
[23:56:18] [FRONTEND]  GET /login?reason=session_expired 200 in 160ms (compile: 19ms, proxy.ts: 12ms, render: 129ms)
[23:56:18] [FRONTEND]  GET /admin 200 in 163ms (compile: 63ms, proxy.ts: 12ms, render: 88ms)
[23:56:18] [FRONTEND]  GET /admin 200 in 255ms (compile: 15ms, proxy.ts: 19ms, render: 220ms)
[23:56:18] [FRONTEND]  GET /login?reason=session_expired 200 in 273ms (compile: 55ms, proxy.ts: 32ms, render: 186ms)
[23:56:18] [FRONTEND]  GET /login?reason=session_expired 200 in 308ms (compile: 10ms, proxy.ts: 17ms, render: 281ms)
[23:56:18] [FRONTEND]  GET /admin 200 in 323ms (compile: 56ms, proxy.ts: 25ms, render: 241ms)
[23:56:18] [FRONTEND]  GET /login?reason=session_expired 200 in 296ms (compile: 12ms, proxy.ts: 13ms, render: 271ms)
[23:56:18] [FRONTEND]  GET /admin 200 in 297ms (compile: 48ms, proxy.ts: 13ms, render: 237ms)
[23:56:19] [FRONTEND]  GET /login?reason=session_expired 200 in 286ms (compile: 8ms, proxy.ts: 15ms, render: 264ms)
[23:56:19] [FRONTEND]  GET /admin 200 in 290ms (compile: 35ms, proxy.ts: 14ms, render: 240ms)
[23:56:19] [FRONTEND]  GET /login?reason=session_expired 200 in 310ms (compile: 9ms, proxy.ts: 15ms, render: 286ms)
[23:56:19] [FRONTEND]  GET /admin 200 in 311ms (compile: 37ms, proxy.ts: 15ms, render: 260ms)
[23:56:19] [FRONTEND]  GET /login?reason=session_expired 200 in 330ms (compile: 11ms, proxy.ts: 21ms, render: 298ms)
[23:56:19] [FRONTEND]  GET /admin 200 in 324ms (compile: 40ms, proxy.ts: 13ms, render: 271ms)
[23:56:19] [FRONTEND]  GET /login?reason=session_expired 200 in 346ms (compile: 17ms, proxy.ts: 18ms, render: 311ms)
[23:56:19] [FRONTEND]  GET /admin 200 in 346ms (compile: 46ms, proxy.ts: 22ms, render: 278ms)
[23:56:19] [FRONTEND]  GET /login?reason=session_expired 200 in 335ms (compile: 12ms, proxy.ts: 21ms, render: 302ms)
[23:56:19] [FRONTEND]  GET /admin 200 in 331ms (compile: 50ms, proxy.ts: 16ms, render: 265ms)
[23:56:19] [FRONTEND]  GET /admin 200 in 318ms (compile: 11ms, proxy.ts: 13ms, render: 294ms)
[23:56:19] [FRONTEND]  GET /login?reason=session_expired 200 in 328ms (compile: 50ms, proxy.ts: 17ms, render: 261ms)
[23:56:19] [FRONTEND]  GET /login?reason=session_expired 200 in 301ms (compile: 42ms, proxy.ts: 13ms, render: 246ms)
[23:56:19] [FRONTEND]  GET /admin 200 in 307ms (compile: 10ms, proxy.ts: 15ms, render: 283ms)
[23:56:19] [FRONTEND]  GET /admin 200 in 349ms (compile: 10ms, proxy.ts: 15ms, render: 324ms)
[23:56:19] [FRONTEND]  GET /login?reason=session_expired 200 in 353ms (compile: 42ms, proxy.ts: 14ms, render: 297ms)
[23:56:19] [FRONTEND]  GET /admin 200 in 266ms (compile: 12ms, proxy.ts: 13ms, render: 241ms)
[23:56:19] [FRONTEND]  GET /login?reason=session_expired 200 in 264ms (compile: 45ms, proxy.ts: 15ms, render: 204ms)
[23:56:19] [FRONTEND]  GET /admin 200 in 171ms (compile: 13ms, proxy.ts: 14ms, render: 145ms)
[23:56:19] [FRONTEND]  GET /login?reason=session_expired 200 in 170ms (compile: 49ms, proxy.ts: 15ms, render: 106ms)
[23:56:20] [FRONTEND]  GET /login?reason=session_expired 200 in 458ms (compile: 53ms, proxy.ts: 44ms, render: 360ms)
[23:56:20] [FRONTEND]  GET /admin 200 in 474ms (compile: 104ms, proxy.ts: 53ms, render: 318ms)
[23:56:20] [FRONTEND]  GET /login?reason=session_expired 200 in 306ms (compile: 7ms, proxy.ts: 11ms, render: 288ms)
[23:56:20] [FRONTEND]  GET /admin 200 in 309ms (compile: 42ms, proxy.ts: 11ms, render: 256ms)
[23:56:20] [FRONTEND]  GET /login?reason=session_expired 200 in 307ms (compile: 9ms, proxy.ts: 12ms, render: 286ms)
[23:56:20] [FRONTEND]  GET /admin 200 in 308ms (compile: 42ms, proxy.ts: 11ms, render: 255ms)
[23:56:20] [FRONTEND]  GET /login?reason=session_expired 200 in 307ms (compile: 15ms, proxy.ts: 17ms, render: 276ms)
[23:56:20] [FRONTEND]  GET /admin 200 in 310ms (compile: 41ms, proxy.ts: 22ms, render: 247ms)
[23:56:20] [FRONTEND]  GET /login?reason=session_expired 200 in 306ms (compile: 9ms, proxy.ts: 17ms, render: 279ms)
[23:56:20] [FRONTEND]  GET /admin 200 in 305ms (compile: 38ms, proxy.ts: 17ms, render: 250ms)
[23:56:20] [FRONTEND]  GET /admin 200 in 302ms (compile: 37ms, proxy.ts: 18ms, render: 246ms)
[23:56:20] [FRONTEND]  GET /login?reason=session_expired 200 in 307ms (compile: 9ms, proxy.ts: 18ms, render: 280ms)
[23:56:20] [FRONTEND]  GET /login?reason=session_expired 200 in 309ms (compile: 11ms, proxy.ts: 19ms, render: 279ms)
[23:56:20] [FRONTEND]  GET /admin 200 in 308ms (compile: 40ms, proxy.ts: 20ms, render: 247ms)
[23:56:20] [FRONTEND]  GET /login?reason=session_expired 200 in 289ms (compile: 10ms, proxy.ts: 12ms, render: 267ms)
[23:56:20] [FRONTEND]  GET /admin 200 in 293ms (compile: 39ms, proxy.ts: 14ms, render: 240ms)
[23:56:21] [FRONTEND]  GET /login?reason=session_expired 200 in 307ms (compile: 11ms, proxy.ts: 17ms, render: 279ms)
[23:56:21] [FRONTEND]  GET /admin 200 in 303ms (compile: 43ms, proxy.ts: 14ms, render: 245ms)
[23:56:21] [FRONTEND]  GET /login?reason=session_expired 200 in 317ms (compile: 11ms, proxy.ts: 19ms, render: 286ms)
[23:56:21] [FRONTEND]  GET /admin 200 in 309ms (compile: 36ms, proxy.ts: 13ms, render: 261ms)
[23:56:21] [FRONTEND]  GET /login?reason=session_expired 200 in 326ms (compile: 12ms, proxy.ts: 17ms, render: 298ms)
[23:56:21] [FRONTEND]  GET /admin 200 in 361ms (compile: 48ms, proxy.ts: 13ms, render: 300ms)
[23:56:21] [FRONTEND]  GET /login?reason=session_expired 200 in 368ms (compile: 17ms, proxy.ts: 55ms, render: 297ms)
[23:56:21] [FRONTEND]  GET /admin 200 in 364ms (compile: 12ms, proxy.ts: 46ms, render: 306ms)
[23:56:21] [FRONTEND]  GET /login?reason=session_expired 200 in 375ms (compile: 19ms, proxy.ts: 48ms, render: 308ms)
[23:56:21] [FRONTEND]  GET /admin 200 in 371ms (compile: 12ms, proxy.ts: 49ms, render: 310ms)
[23:56:21] [FRONTEND]  GET /login?reason=session_expired 200 in 366ms (compile: 15ms, proxy.ts: 50ms, render: 302ms)
[23:56:21] [FRONTEND]  GET /admin 200 in 363ms (compile: 20ms, proxy.ts: 46ms, render: 297ms)
[23:56:21] [FRONTEND]  GET /login?reason=session_expired 200 in 365ms (compile: 16ms, proxy.ts: 48ms, render: 302ms)
[23:56:21] [FRONTEND]  GET /admin 200 in 368ms (compile: 16ms, proxy.ts: 49ms, render: 303ms)
[23:56:21] [FRONTEND]  GET /login?reason=session_expired 200 in 325ms (compile: 57ms, proxy.ts: 12ms, render: 257ms)
[23:56:21] [FRONTEND]  GET /admin 200 in 359ms (compile: 14ms, proxy.ts: 47ms, render: 299ms)
[23:56:21] [FRONTEND]  GET /login?reason=session_expired 200 in 323ms (compile: 46ms, proxy.ts: 12ms, render: 265ms)
[23:56:21] [FRONTEND]  GET /admin 200 in 367ms (compile: 18ms, proxy.ts: 44ms, render: 306ms)
[23:56:21] [FRONTEND]  GET /login?reason=session_expired 200 in 339ms (compile: 55ms, proxy.ts: 17ms, render: 267ms)
[23:56:22] [FRONTEND]  GET /admin 200 in 354ms (compile: 16ms, proxy.ts: 49ms, render: 289ms)
[23:56:22] [FRONTEND]  GET /login?reason=session_expired 200 in 318ms (compile: 55ms, proxy.ts: 12ms, render: 251ms)
[23:56:22] [FRONTEND]  GET /admin 200 in 344ms (compile: 16ms, proxy.ts: 50ms, render: 278ms)
[23:56:22] [FRONTEND]  GET /login?reason=session_expired 200 in 304ms (compile: 53ms, proxy.ts: 15ms, render: 236ms)
[23:56:22] [FRONTEND]  GET /admin 200 in 292ms (compile: 10ms, proxy.ts: 16ms, render: 266ms)
[23:56:22] [FRONTEND]  GET /login?reason=session_expired 200 in 294ms (compile: 45ms, proxy.ts: 13ms, render: 236ms)
[23:56:22] [FRONTEND]  GET /admin 200 in 333ms (compile: 11ms, proxy.ts: 46ms, render: 276ms)
[23:56:22] [FRONTEND]  GET /login?reason=session_expired 200 in 325ms (compile: 49ms, proxy.ts: 13ms, render: 262ms)
[23:56:22] [FRONTEND]  GET /admin 200 in 353ms (compile: 12ms, proxy.ts: 47ms, render: 295ms)
[23:56:22] [FRONTEND]  GET /login?reason=session_expired 200 in 317ms (compile: 39ms, proxy.ts: 12ms, render: 266ms)
[23:56:22] [FRONTEND]  GET /admin 200 in 329ms (compile: 10ms, proxy.ts: 18ms, render: 301ms)
[23:56:22] [FRONTEND]  GET /login?reason=session_expired 200 in 330ms (compile: 52ms, proxy.ts: 15ms, render: 263ms)
[23:56:22] [FRONTEND]  GET /admin 200 in 318ms (compile: 11ms, proxy.ts: 39ms, render: 268ms)
[23:56:22] [FRONTEND]  GET /login?reason=session_expired 200 in 316ms (compile: 39ms, proxy.ts: 36ms, render: 241ms)
[23:56:22] [FRONTEND]  GET /admin 200 in 305ms (compile: 10ms, proxy.ts: 17ms, render: 278ms)
[23:56:22] [FRONTEND]  GET /login?reason=session_expired 200 in 304ms (compile: 47ms, proxy.ts: 16ms, render: 240ms)
[23:56:22] [FRONTEND]  GET /admin 200 in 301ms (compile: 10ms, proxy.ts: 17ms, render: 274ms)
[23:56:22] [FRONTEND]  GET /login?reason=session_expired 200 in 300ms (compile: 43ms, proxy.ts: 13ms, render: 244ms)
[23:56:22] [FRONTEND]  GET /admin 200 in 304ms (compile: 12ms, proxy.ts: 15ms, render: 277ms)
[23:56:22] [FRONTEND]  GET /login?reason=session_expired 200 in 309ms (compile: 46ms, proxy.ts: 15ms, render: 248ms)
[23:56:22] [FRONTEND]  GET /admin 200 in 300ms (compile: 11ms, proxy.ts: 15ms, render: 273ms)
[23:56:22] [FRONTEND]  GET /login?reason=session_expired 200 in 299ms (compile: 46ms, proxy.ts: 12ms, render: 241ms)
[23:56:23] [FRONTEND]  GET /admin 200 in 310ms (compile: 12ms, proxy.ts: 14ms, render: 284ms)
[23:56:23] [FRONTEND]  GET /login?reason=session_expired 200 in 310ms (compile: 49ms, proxy.ts: 12ms, render: 249ms)
[23:56:23] [FRONTEND]  GET /admin 200 in 309ms (compile: 16ms, proxy.ts: 15ms, render: 278ms)
[23:56:23] [FRONTEND]  GET /login?reason=session_expired 200 in 308ms (compile: 42ms, proxy.ts: 16ms, render: 250ms)
[23:56:23] [FRONTEND]  GET /admin 200 in 340ms (compile: 11ms, proxy.ts: 14ms, render: 315ms)
[23:56:23] [FRONTEND]  GET /login?reason=session_expired 200 in 345ms (compile: 55ms, proxy.ts: 12ms, render: 279ms)
[23:56:23] [FRONTEND]  GET /admin 200 in 349ms (compile: 14ms, proxy.ts: 13ms, render: 322ms)
[23:56:23] [FRONTEND]  GET /login?reason=session_expired 200 in 346ms (compile: 44ms, proxy.ts: 12ms, render: 290ms)
[23:56:23] [FRONTEND]  GET /admin 200 in 358ms (compile: 18ms, proxy.ts: 14ms, render: 327ms)
[23:56:23] [FRONTEND]  GET /login?reason=session_expired 200 in 359ms (compile: 61ms, proxy.ts: 18ms, render: 279ms)
[23:56:23] [FRONTEND]  GET /admin 200 in 335ms (compile: 10ms, proxy.ts: 18ms, render: 307ms)
[23:56:23] [FRONTEND]  GET /login?reason=session_expired 200 in 334ms (compile: 51ms, proxy.ts: 16ms, render: 267ms)
[23:56:23] [FRONTEND]  GET /admin 200 in 338ms (compile: 11ms, proxy.ts: 17ms, render: 310ms)
[23:56:23] [FRONTEND]  GET /login?reason=session_expired 200 in 334ms (compile: 56ms, proxy.ts: 12ms, render: 266ms)
[23:56:23] [FRONTEND]  GET /admin 200 in 325ms (compile: 15ms, proxy.ts: 14ms, render: 296ms)
[23:56:23] [FRONTEND]  GET /login?reason=session_expired 200 in 331ms (compile: 46ms, proxy.ts: 15ms, render: 270ms)
[23:56:23] [FRONTEND]  GET /admin 200 in 335ms (compile: 12ms, proxy.ts: 17ms, render: 306ms)
[23:56:23] [FRONTEND]  GET /login?reason=session_expired 200 in 339ms (compile: 43ms, proxy.ts: 16ms, render: 280ms)
[23:56:24] [FRONTEND]  GET /login?reason=session_expired 200 in 344ms (compile: 13ms, proxy.ts: 19ms, render: 312ms)
[23:56:24] [FRONTEND]  GET /admin 200 in 354ms (compile: 55ms, proxy.ts: 21ms, render: 278ms)
[23:56:24] [FRONTEND]  GET /admin 200 in 258ms (compile: 15ms, proxy.ts: 14ms, render: 229ms)
[23:56:24] [FRONTEND]  GET /login?reason=session_expired 200 in 266ms (compile: 50ms, proxy.ts: 13ms, render: 202ms)
[23:56:24] [FRONTEND]  GET /login?reason=session_expired 200 in 308ms (compile: 19ms, proxy.ts: 15ms, render: 274ms)
[23:56:24] [FRONTEND]  GET /admin 200 in 314ms (compile: 54ms, proxy.ts: 14ms, render: 246ms)
[23:56:24] [FRONTEND]  GET /admin 200 in 390ms (compile: 17ms, proxy.ts: 19ms, render: 354ms)
[23:56:24] [FRONTEND]  GET /login?reason=session_expired 200 in 397ms (compile: 88ms, proxy.ts: 22ms, render: 287ms)
[23:56:24] [FRONTEND]  GET /login?reason=session_expired 200 in 318ms (compile: 12ms, proxy.ts: 19ms, render: 287ms)
[23:56:24] [FRONTEND]  GET /admin 200 in 321ms (compile: 85ms, proxy.ts: 19ms, render: 218ms)
[23:56:24] [FRONTEND]  GET /admin 200 in 170ms (compile: 19ms, proxy.ts: 47ms, render: 104ms)
[23:56:24] [FRONTEND]  GET /login?reason=session_expired 200 in 173ms (compile: 60ms, proxy.ts: 47ms, render: 66ms)
[23:56:24] [FRONTEND]  GET /admin 200 in 87ms (compile: 20ms, proxy.ts: 11ms, render: 57ms)
[23:56:24] [FRONTEND]  GET /admin 200 in 246ms (compile: 12ms, proxy.ts: 13ms, render: 221ms)
[23:56:24] [FRONTEND]  GET /login?reason=session_expired 200 in 293ms (compile: 65ms, proxy.ts: 45ms, render: 184ms)
[23:56:24] [FRONTEND]  GET /admin 200 in 239ms (compile: 8ms, proxy.ts: 31ms, render: 200ms)
[23:56:24] [FRONTEND]  GET /login?reason=session_expired 200 in 243ms (compile: 44ms, proxy.ts: 30ms, render: 169ms)
[23:56:25] [FRONTEND]  GET /admin 200 in 389ms (compile: 23ms, proxy.ts: 18ms, render: 349ms)
[23:56:25] [FRONTEND]  GET /admin 200 in 321ms (compile: 36ms, proxy.ts: 20ms, render: 264ms)
[23:56:25] [FRONTEND]  GET /login?reason=session_expired 200 in 332ms (compile: 122ms, proxy.ts: 25ms, render: 185ms)
[23:56:25] [FRONTEND]  GET /admin 200 in 143ms (compile: 11ms, proxy.ts: 18ms, render: 114ms)
[23:56:25] [FRONTEND]  GET /login?reason=session_expired 200 in 137ms (compile: 53ms, proxy.ts: 14ms, render: 70ms)
[23:56:25] [FRONTEND]  GET /login?reason=session_expired 200 in 322ms (compile: 13ms, proxy.ts: 18ms, render: 291ms)
[23:56:25] [FRONTEND]  GET /admin 200 in 330ms (compile: 51ms, proxy.ts: 18ms, render: 260ms)
[23:56:25] [FRONTEND]  GET /login?reason=session_expired 200 in 314ms (compile: 7ms, proxy.ts: 12ms, render: 294ms)
[23:56:25] [FRONTEND]  GET /admin 200 in 316ms (compile: 44ms, proxy.ts: 12ms, render: 260ms)
[23:56:25] [FRONTEND]  GET /login?reason=session_expired 200 in 311ms (compile: 10ms, proxy.ts: 13ms, render: 288ms)
[23:56:25] [FRONTEND]  GET /admin 200 in 313ms (compile: 41ms, proxy.ts: 13ms, render: 259ms)
[23:56:25] [FRONTEND]  GET /login?reason=session_expired 200 in 311ms (compile: 11ms, proxy.ts: 19ms, render: 281ms)
[23:56:25] [FRONTEND]  GET /admin 200 in 310ms (compile: 43ms, proxy.ts: 19ms, render: 248ms)
[23:56:25] [FRONTEND]  GET /login?reason=session_expired 200 in 302ms (compile: 9ms, proxy.ts: 14ms, render: 278ms)
[23:56:25] [FRONTEND]  GET /admin 200 in 303ms (compile: 40ms, proxy.ts: 15ms, render: 249ms)
[23:56:26] [FRONTEND]  GET /login?reason=session_expired 200 in 305ms (compile: 10ms, proxy.ts: 14ms, render: 281ms)
[23:56:26] [FRONTEND]  GET /admin 200 in 340ms (compile: 37ms, proxy.ts: 13ms, render: 290ms)
[23:56:26] [FRONTEND]  GET /login?reason=session_expired 200 in 353ms (compile: 11ms, proxy.ts: 14ms, render: 328ms)
[23:56:26] [FRONTEND]  GET /admin 200 in 352ms (compile: 41ms, proxy.ts: 14ms, render: 297ms)
[23:56:26] [FRONTEND]  GET /login?reason=session_expired 200 in 273ms (compile: 14ms, proxy.ts: 20ms, render: 239ms)
[23:56:26] [FRONTEND]  GET /admin 200 in 262ms (compile: 47ms, proxy.ts: 13ms, render: 202ms)
[23:56:26] [FRONTEND]  GET /admin 200 in 270ms (compile: 51ms, proxy.ts: 39ms, render: 180ms)
[23:56:26] [FRONTEND]  GET /login?reason=session_expired 200 in 279ms (compile: 48ms, proxy.ts: 14ms, render: 217ms)
[23:56:26] [FRONTEND]  GET /admin 200 in 329ms (compile: 17ms, proxy.ts: 17ms, render: 294ms)
[23:56:26] [FRONTEND]  GET /login?reason=session_expired 200 in 334ms (compile: 61ms, proxy.ts: 15ms, render: 257ms)
[23:56:26] [FRONTEND]  GET /admin 200 in 333ms (compile: 14ms, proxy.ts: 13ms, render: 306ms)
[23:56:26] [FRONTEND]  GET /login?reason=session_expired 200 in 333ms (compile: 52ms, proxy.ts: 14ms, render: 267ms)
[23:56:26] [FRONTEND]  GET /admin 200 in 324ms (compile: 10ms, proxy.ts: 13ms, render: 301ms)
[23:56:26] [FRONTEND]  GET /login?reason=session_expired 200 in 321ms (compile: 42ms, proxy.ts: 10ms, render: 269ms)
[23:56:26] [FRONTEND]  GET /admin 200 in 364ms (compile: 9ms, proxy.ts: 16ms, render: 339ms)
[23:56:26] [FRONTEND]  GET /login?reason=session_expired 200 in 368ms (compile: 43ms, proxy.ts: 16ms, render: 309ms)
[23:56:26] [FRONTEND]  GET /login?reason=session_expired 200 in 341ms (compile: 5ms, proxy.ts: 18ms, render: 317ms)
[23:56:26] [FRONTEND]  GET /admin 200 in 360ms (compile: 47ms, proxy.ts: 27ms, render: 286ms)
[23:56:27] [FRONTEND]  GET /login?reason=session_expired 200 in 342ms (compile: 13ms, proxy.ts: 17ms, render: 312ms)
[23:56:27] [FRONTEND]  GET /admin 200 in 342ms (compile: 60ms, proxy.ts: 16ms, render: 266ms)
[23:56:27] [FRONTEND]  GET /login?reason=session_expired 200 in 317ms (compile: 14ms, proxy.ts: 33ms, render: 270ms)
[23:56:27] [FRONTEND]  GET /admin 200 in 301ms (compile: 44ms, proxy.ts: 11ms, render: 245ms)
[23:56:27] [FRONTEND]  GET /login?reason=session_expired 200 in 302ms (compile: 13ms, proxy.ts: 13ms, render: 277ms)
[23:56:27] [FRONTEND]  GET /admin 200 in 302ms (compile: 42ms, proxy.ts: 14ms, render: 246ms)
[23:56:27] [FRONTEND]  GET /login?reason=session_expired 200 in 293ms (compile: 9ms, proxy.ts: 14ms, render: 270ms)
[23:56:27] [FRONTEND]  GET /admin 200 in 294ms (compile: 39ms, proxy.ts: 14ms, render: 241ms)
[23:56:27] [FRONTEND]  GET /login?reason=session_expired 200 in 303ms (compile: 10ms, proxy.ts: 16ms, render: 277ms)
[23:56:27] [FRONTEND]  GET /admin 200 in 303ms (compile: 39ms, proxy.ts: 15ms, render: 249ms)
[23:56:27] [FRONTEND]  GET /login?reason=session_expired 200 in 315ms (compile: 11ms, proxy.ts: 12ms, render: 292ms)
[23:56:27] [FRONTEND]  GET /admin 200 in 316ms (compile: 42ms, proxy.ts: 12ms, render: 262ms)
[23:56:27] [FRONTEND]  GET /login?reason=session_expired 200 in 344ms (compile: 13ms, proxy.ts: 12ms, render: 320ms)
[23:56:27] [FRONTEND]  GET /admin 200 in 344ms (compile: 42ms, proxy.ts: 11ms, render: 292ms)
[23:56:27] [FRONTEND]  GET /login?reason=session_expired 200 in 349ms (compile: 15ms, proxy.ts: 16ms, render: 318ms)
[23:56:27] [FRONTEND]  GET /admin 200 in 351ms (compile: 47ms, proxy.ts: 17ms, render: 288ms)
[23:56:27] [FRONTEND]  GET /login?reason=session_expired 200 in 365ms (compile: 16ms, proxy.ts: 20ms, render: 329ms)
[23:56:27] [FRONTEND]  GET /admin 200 in 395ms (compile: 62ms, proxy.ts: 16ms, render: 317ms)
[23:56:27] [FRONTEND]  GET /login?reason=session_expired 200 in 386ms (compile: 17ms, proxy.ts: 63ms, render: 306ms)
[23:56:28] [FRONTEND]  GET /admin 200 in 378ms (compile: 50ms, proxy.ts: 14ms, render: 314ms)
[23:56:28] [FRONTEND]  GET /login?reason=session_expired 200 in 334ms (compile: 15ms, proxy.ts: 53ms, render: 266ms)
[23:56:28] [FRONTEND]  GET /admin 200 in 365ms (compile: 26ms, proxy.ts: 59ms, render: 280ms)
[23:56:28] [FRONTEND]  GET /login?reason=session_expired 200 in 315ms (compile: 47ms, proxy.ts: 21ms, render: 247ms)
[23:56:28] [FRONTEND]  GET /admin 200 in 346ms (compile: 12ms, proxy.ts: 47ms, render: 286ms)
[23:56:28] [FRONTEND]  GET /login?reason=session_expired 200 in 316ms (compile: 45ms, proxy.ts: 12ms, render: 259ms)
[23:56:28] [FRONTEND]  GET /admin 200 in 370ms (compile: 14ms, proxy.ts: 49ms, render: 307ms)
[23:56:28] [FRONTEND]  GET /login?reason=session_expired 200 in 331ms (compile: 45ms, proxy.ts: 12ms, render: 274ms)
[23:56:28] [FRONTEND]  GET /admin 200 in 353ms (compile: 14ms, proxy.ts: 16ms, render: 324ms)
[23:56:28] [FRONTEND]  GET /login?reason=session_expired 200 in 349ms (compile: 44ms, proxy.ts: 13ms, render: 292ms)
[23:56:28] [FRONTEND]  GET /admin 200 in 339ms (compile: 12ms, proxy.ts: 23ms, render: 304ms)
[23:56:28] [FRONTEND]  GET /login?reason=session_expired 200 in 336ms (compile: 53ms, proxy.ts: 16ms, render: 267ms)
[23:56:28] [FRONTEND]  GET /login?reason=session_expired 200 in 314ms (compile: 51ms, proxy.ts: 15ms, render: 247ms)
[23:56:28] [FRONTEND]  GET /admin 200 in 324ms (compile: 15ms, proxy.ts: 18ms, render: 291ms)
[23:56:28] [FRONTEND]  GET /admin 200 in 296ms (compile: 11ms, proxy.ts: 15ms, render: 271ms)
[23:56:28] [FRONTEND]  GET /login?reason=session_expired 200 in 294ms (compile: 41ms, proxy.ts: 15ms, render: 238ms)
[23:56:28] [FRONTEND]  GET /login?reason=session_expired 200 in 294ms (compile: 40ms, proxy.ts: 14ms, render: 240ms)
[23:56:28] [FRONTEND]  GET /admin 200 in 298ms (compile: 9ms, proxy.ts: 15ms, render: 274ms)
[23:56:28] [FRONTEND]  GET /login?reason=session_expired 200 in 289ms (compile: 40ms, proxy.ts: 11ms, render: 238ms)
[23:56:28] [FRONTEND]  GET /admin 200 in 295ms (compile: 10ms, proxy.ts: 13ms, render: 273ms)
[23:56:29] [FRONTEND]  GET /admin 200 in 297ms (compile: 10ms, proxy.ts: 16ms, render: 272ms)
[23:56:29] [FRONTEND]  GET /login?reason=session_expired 200 in 301ms (compile: 40ms, proxy.ts: 15ms, render: 245ms)
[23:56:29] [FRONTEND]  GET /login?reason=session_expired 200 in 288ms (compile: 44ms, proxy.ts: 14ms, render: 230ms)
[23:56:29] [FRONTEND]  GET /admin 200 in 294ms (compile: 13ms, proxy.ts: 13ms, render: 268ms)
[23:56:29] [FRONTEND]  GET /login?reason=session_expired 200 in 289ms (compile: 39ms, proxy.ts: 15ms, render: 236ms)
[23:56:29] [FRONTEND]  GET /admin 200 in 295ms (compile: 9ms, proxy.ts: 15ms, render: 272ms)
[23:56:29] [FRONTEND]  GET /login?reason=session_expired 200 in 284ms (compile: 41ms, proxy.ts: 11ms, render: 232ms)
[23:56:29] [FRONTEND]  GET /admin 200 in 290ms (compile: 8ms, proxy.ts: 12ms, render: 270ms)
[23:56:29] [FRONTEND]  GET /admin 200 in 295ms (compile: 8ms, proxy.ts: 14ms, render: 272ms)
[23:56:29] [FRONTEND]  GET /login?reason=session_expired 200 in 296ms (compile: 40ms, proxy.ts: 14ms, render: 242ms)
[23:56:29] [FRONTEND]  GET /admin 200 in 299ms (compile: 11ms, proxy.ts: 20ms, render: 268ms)
[23:56:29] [FRONTEND]  GET /login?reason=session_expired 200 in 292ms (compile: 37ms, proxy.ts: 13ms, render: 242ms)
[23:56:29] [FRONTEND]  GET /login?reason=session_expired 200 in 330ms (compile: 40ms, proxy.ts: 19ms, render: 270ms)
[23:56:29] [FRONTEND]  GET /admin 200 in 333ms (compile: 11ms, proxy.ts: 19ms, render: 304ms)
[23:56:29] [FRONTEND]  GET /admin 200 in 321ms (compile: 11ms, proxy.ts: 13ms, render: 297ms)
[23:56:29] [FRONTEND]  GET /login?reason=session_expired 200 in 320ms (compile: 42ms, proxy.ts: 12ms, render: 266ms)
[23:56:29] [FRONTEND]  GET /admin 200 in 320ms (compile: 9ms, proxy.ts: 14ms, render: 297ms)
[23:56:29] [FRONTEND]  GET /login?reason=session_expired 200 in 322ms (compile: 40ms, proxy.ts: 12ms, render: 270ms)
[23:56:29] [FRONTEND]  GET /admin 200 in 211ms (compile: 10ms, proxy.ts: 13ms, render: 188ms)
[23:56:29] [FRONTEND]  GET /login?reason=session_expired 200 in 211ms (compile: 38ms, proxy.ts: 15ms, render: 159ms)
[23:56:29] [FRONTEND]  GET /admin 200 in 134ms (compile: 10ms, proxy.ts: 14ms, render: 111ms)
[23:56:29] [FRONTEND]  GET /login?reason=session_expired 200 in 134ms (compile: 40ms, proxy.ts: 13ms, render: 81ms)
[23:56:30] [FRONTEND]  GET /login?reason=session_expired 200 in 298ms (compile: 29ms, proxy.ts: 15ms, render: 255ms)
[23:56:30] [FRONTEND]  GET /admin 200 in 304ms (compile: 64ms, proxy.ts: 15ms, render: 225ms)
[23:56:30] [FRONTEND]  GET /admin 200 in 289ms (compile: 38ms, proxy.ts: 10ms, render: 241ms)
[23:56:30] [FRONTEND]  GET /login?reason=session_expired 200 in 294ms (compile: 8ms, proxy.ts: 11ms, render: 274ms)
[23:56:30] [FRONTEND]  GET /login?reason=session_expired 200 in 292ms (compile: 7ms, proxy.ts: 11ms, render: 273ms)
[23:56:30] [FRONTEND]  GET /admin 200 in 294ms (compile: 38ms, proxy.ts: 11ms, render: 246ms)
[23:56:30] [FRONTEND]  GET /login?reason=session_expired 200 in 301ms (compile: 8ms, proxy.ts: 15ms, render: 277ms)
[23:56:30] [FRONTEND]  GET /admin 200 in 303ms (compile: 41ms, proxy.ts: 15ms, render: 248ms)
[23:56:30] [FRONTEND]  GET /login?reason=session_expired 200 in 295ms (compile: 8ms, proxy.ts: 16ms, render: 271ms)
[23:56:30] [FRONTEND]  GET /admin 200 in 299ms (compile: 37ms, proxy.ts: 15ms, render: 247ms)
[23:56:30] [FRONTEND]  GET /login?reason=session_expired 200 in 309ms (compile: 12ms, proxy.ts: 15ms, render: 282ms)
[23:56:30] [FRONTEND]  GET /admin 200 in 308ms (compile: 44ms, proxy.ts: 13ms, render: 251ms)
[23:56:30] [FRONTEND]  GET /login?reason=session_expired 200 in 332ms (compile: 15ms, proxy.ts: 48ms, render: 269ms)
[23:56:30] [FRONTEND]  GET /admin 200 in 294ms (compile: 44ms, proxy.ts: 12ms, render: 238ms)
[23:56:30] [FRONTEND]  GET /login?reason=session_expired 200 in 252ms (compile: 13ms, proxy.ts: 14ms, render: 225ms)
[23:56:30] [FRONTEND]  GET /admin 200 in 257ms (compile: 42ms, proxy.ts: 14ms, render: 201ms)
[23:56:30] [FRONTEND]  GET /login?reason=session_expired 200 in 223ms (compile: 11ms, proxy.ts: 20ms, render: 192ms)
[23:56:30] [FRONTEND]  GET /admin 200 in 221ms (compile: 40ms, proxy.ts: 14ms, render: 168ms)
[23:56:30] [FRONTEND]  GET /admin 200 in 183ms (compile: 8ms, proxy.ts: 9ms, render: 165ms)
[23:56:30] [FRONTEND]  GET /admin 200 in 184ms (compile: 21ms, proxy.ts: 13ms, render: 151ms)
[23:56:30] [FRONTEND]  GET /admin 200 in 164ms (compile: 12ms, proxy.ts: 14ms, render: 138ms)
[23:56:31] [FRONTEND]  GET /admin 200 in 150ms (compile: 6ms, proxy.ts: 8ms, render: 137ms)
[23:56:31] [FRONTEND]  GET /admin 200 in 107ms (compile: 5ms, proxy.ts: 8ms, render: 94ms)
[23:56:31] [FRONTEND]  GET /admin 200 in 92ms (compile: 6ms, proxy.ts: 7ms, render: 79ms)
[23:56:31] [FRONTEND]  GET /admin 200 in 49ms (compile: 7ms, proxy.ts: 7ms, render: 36ms)
[23:56:32] [FRONTEND]  GET /api/platform/settings 200 in 299ms (compile: 56ms, render: 243ms)
[23:56:39] [FRONTEND]  GET /api/platform/settings 200 in 60ms (compile: 8ms, render: 52ms)
[23:57:00] [FRONTEND] ✓ Compiled in 2.1s
[23:57:00] [FRONTEND]  GET /login?reason=session_expired 200 in 400ms (compile: 168ms, proxy.ts: 70ms, render: 163ms)
[23:57:00] [FRONTEND]  GET /login?reason=session_expired 200 in 82ms (compile: 13ms, proxy.ts: 13ms, render: 55ms)
[23:57:00] [FRONTEND]  GET /login?reason=session_expired 200 in 155ms (compile: 8ms, proxy.ts: 10ms, render: 137ms)
[23:57:00] [FRONTEND]  GET /login?reason=session_expired 200 in 160ms (compile: 10ms, proxy.ts: 9ms, render: 140ms)
[23:57:01] [FRONTEND]  GET /login?reason=session_expired 200 in 224ms (compile: 17ms, proxy.ts: 9ms, render: 198ms)
[23:57:01] [FRONTEND]  GET /login?reason=session_expired 200 in 160ms (compile: 21ms, proxy.ts: 8ms, render: 131ms)
[23:57:01] [FRONTEND]  GET /login?reason=session_expired 200 in 275ms (compile: 62ms, proxy.ts: 73ms, render: 140ms)
[23:57:01] [FRONTEND]  GET /login?reason=session_expired 200 in 122ms (compile: 8ms, proxy.ts: 9ms, render: 105ms)
[23:57:01] [FRONTEND]  GET /login?reason=session_expired 200 in 130ms (compile: 6ms, proxy.ts: 9ms, render: 114ms)
[23:57:01] [FRONTEND]  GET /login?reason=session_expired 200 in 144ms (compile: 14ms, proxy.ts: 10ms, render: 120ms)
[23:57:01] [FRONTEND]  GET /login?reason=session_expired 200 in 88ms (compile: 13ms, proxy.ts: 13ms, render: 62ms)
[23:57:01] [FRONTEND]  GET /login?reason=session_expired 200 in 166ms (compile: 10ms, proxy.ts: 16ms, render: 140ms)
[23:57:02] [FRONTEND]  GET /admin 200 in 479ms (compile: 59ms, proxy.ts: 48ms, render: 372ms)
[23:57:02] [FRONTEND]  GET /login?reason=session_expired 200 in 484ms (compile: 112ms, proxy.ts: 48ms, render: 324ms)
[23:57:02] [FRONTEND]  GET /admin 200 in 330ms (compile: 11ms, proxy.ts: 33ms, render: 286ms)
[23:57:02] [FRONTEND]  GET /login?reason=session_expired 200 in 348ms (compile: 86ms, proxy.ts: 14ms, render: 247ms)
[23:57:02] [FRONTEND]  GET /admin 200 in 310ms (compile: 14ms, proxy.ts: 89ms, render: 207ms)
[23:57:02] [FRONTEND]  GET /login?reason=session_expired 200 in 229ms (compile: 41ms, proxy.ts: 12ms, render: 176ms)
[23:57:02] [FRONTEND]  GET /admin 200 in 235ms (compile: 7ms, proxy.ts: 13ms, render: 215ms)
[23:57:02] [FRONTEND]  GET /login?reason=session_expired 200 in 246ms (compile: 54ms, proxy.ts: 18ms, render: 174ms)
[23:57:02] [FRONTEND]  GET /admin 200 in 313ms (compile: 50ms, proxy.ts: 19ms, render: 244ms)
[23:57:02] [FRONTEND]  GET /login?reason=session_expired 200 in 309ms (compile: 15ms, proxy.ts: 15ms, render: 279ms)
[23:57:02] [FRONTEND]  GET /admin 200 in 314ms (compile: 13ms, proxy.ts: 14ms, render: 287ms)
[23:57:02] [FRONTEND]  GET /login?reason=session_expired 200 in 320ms (compile: 48ms, proxy.ts: 14ms, render: 258ms)
[23:57:02] [FRONTEND]  GET /admin 200 in 349ms (compile: 53ms, proxy.ts: 16ms, render: 280ms)
[23:57:02] [FRONTEND]  GET /login?reason=session_expired 200 in 353ms (compile: 11ms, proxy.ts: 17ms, render: 325ms)
[23:57:02] [FRONTEND]  GET /login?reason=session_expired 200 in 251ms (compile: 10ms, proxy.ts: 16ms, render: 225ms)
[23:57:02] [FRONTEND]  GET /admin 200 in 250ms (compile: 38ms, proxy.ts: 17ms, render: 195ms)
[23:57:02] [FRONTEND]  GET /login?reason=session_expired 200 in 158ms (compile: 11ms, proxy.ts: 18ms, render: 130ms)
[23:57:02] [FRONTEND]  GET /admin 200 in 147ms (compile: 47ms, proxy.ts: 12ms, render: 88ms)
[23:57:03] [FRONTEND]  GET /admin 200 in 327ms (compile: 17ms, proxy.ts: 18ms, render: 292ms)
[23:57:03] [FRONTEND]  GET /login?reason=session_expired 200 in 398ms (compile: 62ms, proxy.ts: 73ms, render: 264ms)
[23:57:03] [FRONTEND]  GET /admin 200 in 324ms (compile: 14ms, proxy.ts: 28ms, render: 282ms)
[23:57:03] [FRONTEND]  GET /login?reason=session_expired 200 in 319ms (compile: 46ms, proxy.ts: 21ms, render: 251ms)
[23:57:03] [FRONTEND]  GET /admin 200 in 226ms (compile: 9ms, proxy.ts: 21ms, render: 196ms)
[23:57:03] [FRONTEND]  GET /login?reason=session_expired 200 in 216ms (compile: 44ms, proxy.ts: 13ms, render: 158ms)
[23:57:03] [FRONTEND]  GET /admin 200 in 131ms (compile: 13ms, proxy.ts: 17ms, render: 101ms)
[23:57:03] [FRONTEND]  GET /login?reason=session_expired 200 in 126ms (compile: 39ms, proxy.ts: 16ms, render: 70ms)
[23:57:03] [FRONTEND]  GET /login?reason=session_expired 200 in 236ms (compile: 22ms, proxy.ts: 14ms, render: 200ms)
[23:57:03] [FRONTEND]  GET /admin 200 in 333ms (compile: 63ms, proxy.ts: 22ms, render: 248ms)
[23:57:03] [FRONTEND]  GET /login?reason=session_expired 200 in 249ms (compile: 13ms, proxy.ts: 11ms, render: 225ms)
[23:57:03] [FRONTEND]  GET /admin 200 in 246ms (compile: 47ms, proxy.ts: 10ms, render: 190ms)
[23:57:03] [FRONTEND]  GET /admin 200 in 232ms (compile: 16ms, proxy.ts: 12ms, render: 204ms)
[23:57:03] [FRONTEND]  GET /login?reason=session_expired 200 in 285ms (compile: 71ms, proxy.ts: 55ms, render: 159ms)
[23:57:03] [FRONTEND]  GET /admin 200 in 321ms (compile: 57ms, proxy.ts: 13ms, render: 251ms)
[23:57:03] [FRONTEND]  GET /login?reason=session_expired 200 in 320ms (compile: 24ms, proxy.ts: 12ms, render: 283ms)
[23:57:03] [FRONTEND]  GET /login?reason=session_expired 200 in 296ms (compile: 8ms, proxy.ts: 15ms, render: 273ms)
[23:57:03] [FRONTEND]  GET /admin 200 in 295ms (compile: 39ms, proxy.ts: 14ms, render: 242ms)
[23:57:03] [FRONTEND]  GET /login?reason=session_expired 200 in 229ms (compile: 8ms, proxy.ts: 15ms, render: 206ms)
[23:57:03] [FRONTEND]  GET /admin 200 in 232ms (compile: 43ms, proxy.ts: 14ms, render: 175ms)
[23:57:03] [FRONTEND]  GET /login?reason=session_expired 200 in 240ms (compile: 11ms, proxy.ts: 13ms, render: 216ms)
[23:57:03] [FRONTEND]  GET /admin 200 in 239ms (compile: 41ms, proxy.ts: 13ms, render: 184ms)
[23:57:04] [FRONTEND]  GET /admin 200 in 245ms (compile: 24ms, proxy.ts: 10ms, render: 211ms)
[23:57:04] [FRONTEND]  GET /login?reason=session_expired 200 in 263ms (compile: 75ms, proxy.ts: 11ms, render: 177ms)
[23:57:04] [FRONTEND]  GET /admin 200 in 226ms (compile: 14ms, proxy.ts: 12ms, render: 199ms)
[23:57:04] [FRONTEND]  GET /login?reason=session_expired 200 in 225ms (compile: 45ms, proxy.ts: 12ms, render: 168ms)
[23:57:04] [FRONTEND]  GET /login?reason=session_expired 200 in 326ms (compile: 17ms, proxy.ts: 18ms, render: 291ms)
[23:57:04] [FRONTEND]  GET /admin 200 in 335ms (compile: 56ms, proxy.ts: 13ms, render: 266ms)
[23:57:04] [FRONTEND]  GET /login?reason=session_expired 200 in 321ms (compile: 12ms, proxy.ts: 14ms, render: 294ms)
[23:57:04] [FRONTEND]  GET /admin 200 in 319ms (compile: 40ms, proxy.ts: 11ms, render: 268ms)
[23:57:04] [FRONTEND]  GET /login?reason=session_expired 200 in 235ms (compile: 13ms, proxy.ts: 16ms, render: 207ms)
[23:57:04] [FRONTEND]  GET /admin 200 in 230ms (compile: 44ms, proxy.ts: 13ms, render: 173ms)
[23:57:04] [FRONTEND]  GET /login?reason=session_expired 200 in 139ms (compile: 16ms, proxy.ts: 23ms, render: 100ms)
[23:57:04] [FRONTEND]  GET /admin 200 in 125ms (compile: 40ms, proxy.ts: 16ms, render: 69ms)
[23:57:04] [FRONTEND]  GET /admin 200 in 146ms (compile: 16ms, proxy.ts: 21ms, render: 110ms)
[23:57:04] [FRONTEND]  GET /login?reason=session_expired 200 in 150ms (compile: 55ms, proxy.ts: 21ms, render: 74ms)
[23:57:04] [FRONTEND]  GET /login?reason=session_expired 200 in 303ms (compile: 10ms, proxy.ts: 25ms, render: 268ms)
[23:57:04] [FRONTEND]  GET /admin 200 in 306ms (compile: 42ms, proxy.ts: 24ms, render: 240ms)
[23:57:04] [FRONTEND]  GET /login?reason=session_expired 200 in 302ms (compile: 7ms, proxy.ts: 13ms, render: 282ms)
[23:57:04] [FRONTEND]  GET /admin 200 in 301ms (compile: 39ms, proxy.ts: 13ms, render: 249ms)
[23:57:05] [FRONTEND]  GET /login?reason=session_expired 200 in 298ms (compile: 9ms, proxy.ts: 14ms, render: 275ms)
[23:57:05] [FRONTEND]  GET /admin 200 in 295ms (compile: 37ms, proxy.ts: 12ms, render: 246ms)
[23:57:05] [FRONTEND]  GET /login?reason=session_expired 200 in 307ms (compile: 8ms, proxy.ts: 19ms, render: 280ms)
[23:57:05] [FRONTEND]  GET /admin 200 in 311ms (compile: 38ms, proxy.ts: 19ms, render: 254ms)
[23:57:05] [FRONTEND]  GET /login?reason=session_expired 200 in 292ms (compile: 10ms, proxy.ts: 15ms, render: 267ms)
[23:57:05] [FRONTEND]  GET /admin 200 in 294ms (compile: 37ms, proxy.ts: 13ms, render: 244ms)
[23:57:05] [FRONTEND]  GET /login?reason=session_expired 200 in 226ms (compile: 10ms, proxy.ts: 17ms, render: 199ms)
[23:57:05] [FRONTEND]  GET /admin 200 in 226ms (compile: 36ms, proxy.ts: 17ms, render: 173ms)
[23:57:05] [FRONTEND]  GET /login?reason=session_expired 200 in 132ms (compile: 49ms, proxy.ts: 14ms, render: 69ms)
[23:57:05] [FRONTEND]  GET /admin 200 in 132ms (compile: 14ms, proxy.ts: 14ms, render: 105ms)
[23:57:05] [FRONTEND]  GET /login?reason=session_expired 200 in 180ms (compile: 17ms, proxy.ts: 14ms, render: 149ms)
[23:57:05] [FRONTEND]  GET /admin 200 in 192ms (compile: 68ms, proxy.ts: 14ms, render: 110ms)
[23:57:05] [FRONTEND]  GET /admin 200 in 463ms (compile: 61ms, proxy.ts: 19ms, render: 383ms)
[23:57:05] [FRONTEND]  GET /login?reason=session_expired 200 in 500ms (compile: 227ms, proxy.ts: 50ms, render: 222ms)
[23:57:05] [FRONTEND]  GET /login?reason=session_expired 200 in 171ms (compile: 33ms, proxy.ts: 9ms, render: 130ms)
[23:57:05] [FRONTEND]  GET /admin 200 in 186ms (compile: 76ms, proxy.ts: 13ms, render: 97ms)
[23:57:06] [FRONTEND]  GET /admin 200 in 237ms (compile: 23ms, proxy.ts: 10ms, render: 203ms)
[23:57:06] [FRONTEND]  GET /login?reason=session_expired 200 in 265ms (compile: 82ms, proxy.ts: 25ms, render: 159ms)
[23:57:06] [FRONTEND]  GET /admin 200 in 264ms (compile: 46ms, proxy.ts: 13ms, render: 206ms)
[23:57:06] [FRONTEND]  GET /login?reason=session_expired 200 in 263ms (compile: 9ms, proxy.ts: 12ms, render: 242ms)
[23:57:06] [FRONTEND]  GET /login?reason=session_expired 200 in 311ms (compile: 19ms, proxy.ts: 11ms, render: 282ms)
[23:57:06] [FRONTEND]  GET /admin 200 in 305ms (compile: 47ms, proxy.ts: 12ms, render: 246ms)
[23:57:06] [FRONTEND]  GET /login?reason=session_expired 200 in 292ms (compile: 58ms, proxy.ts: 14ms, render: 221ms)
[23:57:06] [FRONTEND]  GET /admin 200 in 288ms (compile: 16ms, proxy.ts: 13ms, render: 259ms)
[23:57:06] [FRONTEND]  GET /admin 200 in 303ms (compile: 19ms, proxy.ts: 11ms, render: 272ms)
[23:57:06] [FRONTEND]  GET /login?reason=session_expired 200 in 302ms (compile: 16ms, proxy.ts: 52ms, render: 234ms)
[23:57:06] [FRONTEND]  GET /admin 200 in 436ms (compile: 48ms, proxy.ts: 109ms, render: 279ms)
[23:57:06] [FRONTEND]  GET /admin 200 in 216ms (compile: 32ms, proxy.ts: 16ms, render: 168ms)
[23:57:06] [FRONTEND]  GET /login?reason=session_expired 200 in 227ms (compile: 123ms, proxy.ts: 13ms, render: 91ms)
[23:57:06] [FRONTEND]  GET /admin 200 in 97ms (compile: 35ms, proxy.ts: 7ms, render: 55ms)
[23:57:07] [FRONTEND]  GET /admin 200 in 227ms (compile: 11ms, proxy.ts: 11ms, render: 205ms)
[23:57:07] [FRONTEND]  GET /login?reason=session_expired 200 in 242ms (compile: 54ms, proxy.ts: 16ms, render: 172ms)
[23:57:07] [FRONTEND]  GET /admin 200 in 139ms (compile: 47ms, proxy.ts: 17ms, render: 75ms)
[23:57:07] [FRONTEND]  GET /login?reason=session_expired 200 in 131ms (compile: 8ms, proxy.ts: 12ms, render: 112ms)
[23:57:07] [FRONTEND]  GET /admin 200 in 316ms (compile: 19ms, proxy.ts: 13ms, render: 284ms)
[23:57:07] [FRONTEND]  GET /login?reason=session_expired 200 in 322ms (compile: 58ms, proxy.ts: 13ms, render: 250ms)
[23:57:07] [FRONTEND]  GET /admin 200 in 320ms (compile: 8ms, proxy.ts: 16ms, render: 295ms)
[23:57:07] [FRONTEND]  GET /login?reason=session_expired 200 in 320ms (compile: 44ms, proxy.ts: 17ms, render: 260ms)
[23:57:07] [FRONTEND]  GET /login?reason=session_expired 200 in 320ms (compile: 41ms, proxy.ts: 11ms, render: 269ms)
[23:57:07] [FRONTEND]  GET /admin 200 in 324ms (compile: 8ms, proxy.ts: 11ms, render: 305ms)
[23:57:07] [FRONTEND]  GET /admin 200 in 335ms (compile: 14ms, proxy.ts: 13ms, render: 308ms)
[23:57:07] [FRONTEND]  GET /login?reason=session_expired 200 in 340ms (compile: 47ms, proxy.ts: 14ms, render: 279ms)
[23:57:07] [FRONTEND]  GET /admin 200 in 318ms (compile: 14ms, proxy.ts: 16ms, render: 288ms)
[23:57:07] [FRONTEND]  GET /login?reason=session_expired 200 in 316ms (compile: 56ms, proxy.ts: 17ms, render: 244ms)
[23:57:07] [FRONTEND]  GET /login?reason=session_expired 200 in 302ms (compile: 41ms, proxy.ts: 15ms, render: 246ms)
[23:57:07] [FRONTEND]  GET /admin 200 in 309ms (compile: 11ms, proxy.ts: 12ms, render: 286ms)
[23:57:08] [FRONTEND]  GET /login?reason=session_expired 200 in 288ms (compile: 37ms, proxy.ts: 17ms, render: 233ms)
[23:57:08] [FRONTEND]  GET /admin 200 in 293ms (compile: 11ms, proxy.ts: 14ms, render: 268ms)
[23:57:08] [FRONTEND]  GET /admin 200 in 284ms (compile: 17ms, proxy.ts: 11ms, render: 256ms)
[23:57:08] [FRONTEND]  GET /login?reason=session_expired 200 in 290ms (compile: 39ms, proxy.ts: 13ms, render: 238ms)
[23:57:08] [FRONTEND]  GET /admin 200 in 325ms (compile: 16ms, proxy.ts: 50ms, render: 259ms)
[23:57:08] [FRONTEND]  GET /login?reason=session_expired 200 in 292ms (compile: 12ms, proxy.ts: 43ms, render: 237ms)
[23:57:08] [FRONTEND]  GET /admin 200 in 326ms (compile: 16ms, proxy.ts: 44ms, render: 266ms)
[23:57:08] [FRONTEND]  GET /login?reason=session_expired 200 in 294ms (compile: 42ms, proxy.ts: 11ms, render: 241ms)
[23:57:08] [FRONTEND]  GET /admin 200 in 320ms (compile: 15ms, proxy.ts: 46ms, render: 259ms)
[23:57:08] [FRONTEND]  GET /login?reason=session_expired 200 in 282ms (compile: 41ms, proxy.ts: 11ms, render: 230ms)
[23:57:08] [FRONTEND]  GET /admin 200 in 302ms (compile: 10ms, proxy.ts: 15ms, render: 276ms)
[23:57:08] [FRONTEND]  GET /login?reason=session_expired 200 in 304ms (compile: 42ms, proxy.ts: 15ms, render: 247ms)
[23:57:08] [FRONTEND]  GET /admin 200 in 289ms (compile: 8ms, proxy.ts: 14ms, render: 267ms)
[23:57:08] [FRONTEND]  GET /login?reason=session_expired 200 in 294ms (compile: 38ms, proxy.ts: 12ms, render: 244ms)
[23:57:08] [FRONTEND]  GET /admin 200 in 310ms (compile: 8ms, proxy.ts: 31ms, render: 271ms)
[23:57:08] [FRONTEND]  GET /login?reason=session_expired 200 in 307ms (compile: 36ms, proxy.ts: 29ms, render: 242ms)
[23:57:08] [FRONTEND]  GET /admin 200 in 291ms (compile: 9ms, proxy.ts: 13ms, render: 269ms)
[23:57:08] [FRONTEND]  GET /login?reason=session_expired 200 in 290ms (compile: 37ms, proxy.ts: 14ms, render: 240ms)
[23:57:08] [FRONTEND]  GET /admin 200 in 299ms (compile: 10ms, proxy.ts: 16ms, render: 273ms)
[23:57:08] [FRONTEND]  GET /login?reason=session_expired 200 in 300ms (compile: 38ms, proxy.ts: 18ms, render: 244ms)
[23:57:09] [FRONTEND]  GET /login?reason=session_expired 200 in 286ms (compile: 41ms, proxy.ts: 12ms, render: 232ms)
[23:57:09] [FRONTEND]  GET /admin 200 in 294ms (compile: 10ms, proxy.ts: 15ms, render: 269ms)
[23:57:09] [FRONTEND]  GET /admin 200 in 291ms (compile: 10ms, proxy.ts: 14ms, render: 267ms)
[23:57:09] [FRONTEND]  GET /login?reason=session_expired 200 in 294ms (compile: 40ms, proxy.ts: 14ms, render: 239ms)
[23:57:09] [FRONTEND]  GET /admin 200 in 282ms (compile: 14ms, proxy.ts: 14ms, render: 254ms)
[23:57:09] [FRONTEND]  GET /login?reason=session_expired 200 in 284ms (compile: 41ms, proxy.ts: 13ms, render: 230ms)
[23:57:09] [FRONTEND]  GET /admin 200 in 292ms (compile: 10ms, proxy.ts: 17ms, render: 266ms)
[23:57:09] [FRONTEND]  GET /login?reason=session_expired 200 in 292ms (compile: 37ms, proxy.ts: 17ms, render: 238ms)
[23:57:09] [FRONTEND]  GET /admin 200 in 288ms (compile: 9ms, proxy.ts: 15ms, render: 264ms)
[23:57:09] [FRONTEND]  GET /login?reason=session_expired 200 in 287ms (compile: 39ms, proxy.ts: 14ms, render: 235ms)
[23:57:09] [FRONTEND]  GET /admin 200 in 288ms (compile: 9ms, proxy.ts: 14ms, render: 264ms)
[23:57:09] [FRONTEND]  GET /login?reason=session_expired 200 in 289ms (compile: 40ms, proxy.ts: 14ms, render: 235ms)
[23:57:09] [FRONTEND]  GET /admin 200 in 279ms (compile: 8ms, proxy.ts: 14ms, render: 256ms)
[23:57:09] [FRONTEND]  GET /login?reason=session_expired 200 in 277ms (compile: 37ms, proxy.ts: 15ms, render: 225ms)
[23:57:09] [FRONTEND]  GET /admin 200 in 279ms (compile: 11ms, proxy.ts: 13ms, render: 255ms)
[23:57:09] [FRONTEND]  GET /login?reason=session_expired 200 in 281ms (compile: 36ms, proxy.ts: 17ms, render: 229ms)
[23:57:09] [FRONTEND]  GET /login?reason=session_expired 200 in 280ms (compile: 39ms, proxy.ts: 17ms, render: 225ms)
[23:57:09] [FRONTEND]  GET /admin 200 in 286ms (compile: 13ms, proxy.ts: 13ms, render: 260ms)
[23:57:09] [FRONTEND]  GET /admin 200 in 289ms (compile: 10ms, proxy.ts: 14ms, render: 266ms)
[23:57:09] [FRONTEND]  GET /login?reason=session_expired 200 in 291ms (compile: 38ms, proxy.ts: 14ms, render: 239ms)
[23:57:09] [FRONTEND]  GET /admin 200 in 286ms (compile: 8ms, proxy.ts: 14ms, render: 264ms)
[23:57:09] [FRONTEND]  GET /login?reason=session_expired 200 in 287ms (compile: 36ms, proxy.ts: 14ms, render: 237ms)
[23:57:10] [FRONTEND]  GET /login?reason=session_expired 200 in 322ms (compile: 38ms, proxy.ts: 15ms, render: 269ms)
[23:57:10] [FRONTEND]  GET /admin 200 in 331ms (compile: 9ms, proxy.ts: 14ms, render: 308ms)
[23:57:10] [FRONTEND]  GET /admin 200 in 247ms (compile: 12ms, proxy.ts: 12ms, render: 223ms)
[23:57:10] [FRONTEND]  GET /login?reason=session_expired 200 in 248ms (compile: 40ms, proxy.ts: 13ms, render: 194ms)
[23:57:10] [FRONTEND]  GET /admin 200 in 167ms (compile: 10ms, proxy.ts: 13ms, render: 144ms)
[23:57:10] [FRONTEND]  GET /login?reason=session_expired 200 in 166ms (compile: 39ms, proxy.ts: 13ms, render: 114ms)
[23:57:10] [FRONTEND]  GET /admin 200 in 477ms (compile: 136ms, proxy.ts: 49ms, render: 292ms)
[23:57:10] [FRONTEND]  GET /login?reason=session_expired 200 in 474ms (compile: 91ms, proxy.ts: 49ms, render: 333ms)
[23:57:10] [FRONTEND]  GET /login?reason=session_expired 200 in 267ms (compile: 9ms, proxy.ts: 10ms, render: 248ms)
[23:57:10] [FRONTEND]  GET /admin 200 in 268ms (compile: 37ms, proxy.ts: 11ms, render: 221ms)
[23:57:10] [FRONTEND]  GET /login?reason=session_expired 200 in 309ms (compile: 8ms, proxy.ts: 11ms, render: 289ms)
[23:57:10] [FRONTEND]  GET /admin 200 in 309ms (compile: 37ms, proxy.ts: 11ms, render: 261ms)
[23:57:10] [FRONTEND]  GET /login?reason=session_expired 200 in 313ms (compile: 8ms, proxy.ts: 15ms, render: 290ms)
[23:57:10] [FRONTEND]  GET /admin 200 in 313ms (compile: 36ms, proxy.ts: 14ms, render: 263ms)
[23:57:10] [FRONTEND]  GET /login?reason=session_expired 200 in 321ms (compile: 9ms, proxy.ts: 31ms, render: 281ms)
[23:57:10] [FRONTEND]  GET /admin 200 in 321ms (compile: 37ms, proxy.ts: 31ms, render: 253ms)
[23:57:10] [FRONTEND]  GET /login?reason=session_expired 200 in 293ms (compile: 12ms, proxy.ts: 14ms, render: 267ms)
[23:57:10] [FRONTEND]  GET /admin 200 in 295ms (compile: 41ms, proxy.ts: 15ms, render: 239ms)
[23:57:11] [FRONTEND]  GET /login?reason=session_expired 200 in 301ms (compile: 14ms, proxy.ts: 13ms, render: 274ms)
[23:57:11] [FRONTEND]  GET /admin 200 in 303ms (compile: 43ms, proxy.ts: 12ms, render: 248ms)
[23:57:11] [FRONTEND]  GET /login?reason=session_expired 200 in 293ms (compile: 14ms, proxy.ts: 13ms, render: 266ms)
[23:57:11] [FRONTEND]  GET /admin 200 in 297ms (compile: 42ms, proxy.ts: 14ms, render: 240ms)
[23:57:11] [FRONTEND]  GET /login?reason=session_expired 200 in 314ms (compile: 14ms, proxy.ts: 12ms, render: 288ms)
[23:57:11] [FRONTEND]  GET /admin 200 in 314ms (compile: 42ms, proxy.ts: 14ms, render: 258ms)
[23:57:11] [FRONTEND]  GET /login?reason=session_expired 200 in 321ms (compile: 8ms, proxy.ts: 15ms, render: 297ms)
[23:57:11] [FRONTEND]  GET /admin 200 in 325ms (compile: 39ms, proxy.ts: 15ms, render: 272ms)
[23:57:11] [FRONTEND]  GET /login?reason=session_expired 200 in 338ms (compile: 9ms, proxy.ts: 15ms, render: 315ms)
[23:57:11] [FRONTEND]  GET /admin 200 in 338ms (compile: 40ms, proxy.ts: 16ms, render: 282ms)
[23:57:11] [FRONTEND]  GET /login?reason=session_expired 200 in 332ms (compile: 12ms, proxy.ts: 16ms, render: 304ms)
[23:57:11] [FRONTEND]  GET /admin 200 in 335ms (compile: 54ms, proxy.ts: 14ms, render: 267ms)
[23:57:11] [FRONTEND]  GET /login?reason=session_expired 200 in 244ms (compile: 14ms, proxy.ts: 14ms, render: 216ms)
[23:57:11] [FRONTEND]  GET /admin 200 in 243ms (compile: 44ms, proxy.ts: 16ms, render: 183ms)
[23:57:11] [FRONTEND]  GET /admin 200 in 145ms (compile: 39ms, proxy.ts: 21ms, render: 85ms)
[23:57:11] [FRONTEND]  GET /login?reason=session_expired 200 in 158ms (compile: 15ms, proxy.ts: 25ms, render: 118ms)
[23:57:11] [FRONTEND]  GET /admin 200 in 205ms (compile: 62ms, proxy.ts: 17ms, render: 126ms)
[23:57:11] [FRONTEND]  GET /login?reason=session_expired 200 in 208ms (compile: 109ms, proxy.ts: 17ms, render: 83ms)
[23:57:11] [FRONTEND]  GET /login?reason=session_expired 200 in 128ms (compile: 11ms, proxy.ts: 13ms, render: 104ms)
[23:57:11] [FRONTEND]  GET /admin 200 in 131ms (compile: 54ms, proxy.ts: 12ms, render: 64ms)
[23:57:12] [FRONTEND]  GET /admin 200 in 314ms (compile: 31ms, proxy.ts: 11ms, render: 272ms)
[23:57:12] [FRONTEND]  GET /login?reason=session_expired 200 in 317ms (compile: 75ms, proxy.ts: 11ms, render: 231ms)
[23:57:12] [FRONTEND]  GET /admin 200 in 280ms (compile: 10ms, proxy.ts: 11ms, render: 260ms)
[23:57:12] [FRONTEND]  GET /login?reason=session_expired 200 in 284ms (compile: 42ms, proxy.ts: 12ms, render: 230ms)
[23:57:12] [FRONTEND]  GET /admin 200 in 294ms (compile: 10ms, proxy.ts: 11ms, render: 273ms)
[23:57:12] [FRONTEND]  GET /login?reason=session_expired 200 in 293ms (compile: 39ms, proxy.ts: 11ms, render: 243ms)
[23:57:12] [FRONTEND]  GET /admin 200 in 285ms (compile: 10ms, proxy.ts: 14ms, render: 261ms)
[23:57:12] [FRONTEND]  GET /login?reason=session_expired 200 in 285ms (compile: 40ms, proxy.ts: 14ms, render: 231ms)
[23:57:12] [FRONTEND]  GET /admin 200 in 291ms (compile: 11ms, proxy.ts: 16ms, render: 263ms)
[23:57:12] [FRONTEND]  GET /login?reason=session_expired 200 in 291ms (compile: 42ms, proxy.ts: 16ms, render: 233ms)
[23:57:12] [FRONTEND]  GET /admin 200 in 285ms (compile: 9ms, proxy.ts: 14ms, render: 263ms)
[23:57:12] [FRONTEND]  GET /login?reason=session_expired 200 in 286ms (compile: 40ms, proxy.ts: 13ms, render: 233ms)
[23:57:12] [FRONTEND]  GET /admin 200 in 296ms (compile: 8ms, proxy.ts: 13ms, render: 274ms)
[23:57:12] [FRONTEND]  GET /login?reason=session_expired 200 in 296ms (compile: 40ms, proxy.ts: 13ms, render: 242ms)
[23:57:12] [FRONTEND]  GET /login?reason=session_expired 200 in 312ms (compile: 43ms, proxy.ts: 14ms, render: 255ms)
[23:57:12] [FRONTEND]  GET /admin 200 in 317ms (compile: 9ms, proxy.ts: 14ms, render: 294ms)
[23:57:12] [FRONTEND]  GET /admin 200 in 319ms (compile: 9ms, proxy.ts: 15ms, render: 295ms)
[23:57:12] [FRONTEND]  GET /login?reason=session_expired 200 in 320ms (compile: 42ms, proxy.ts: 14ms, render: 264ms)
[23:57:13] [FRONTEND]  GET /admin 200 in 309ms (compile: 10ms, proxy.ts: 13ms, render: 286ms)
[23:57:13] [FRONTEND]  GET /login?reason=session_expired 200 in 310ms (compile: 39ms, proxy.ts: 16ms, render: 256ms)
[23:57:13] [FRONTEND]  GET /login?reason=session_expired 200 in 300ms (compile: 6ms, proxy.ts: 15ms, render: 279ms)
[23:57:13] [FRONTEND]  GET /admin 200 in 318ms (compile: 47ms, proxy.ts: 22ms, render: 249ms)
[23:57:13] [FRONTEND]  GET /admin 200 in 216ms (compile: 40ms, proxy.ts: 15ms, render: 160ms)
[23:57:13] [FRONTEND]  GET /login?reason=session_expired 200 in 219ms (compile: 10ms, proxy.ts: 16ms, render: 194ms)
[23:57:13] [FRONTEND]  GET /login?reason=session_expired 200 in 131ms (compile: 10ms, proxy.ts: 15ms, render: 106ms)
[23:57:13] [FRONTEND]  GET /admin 200 in 131ms (compile: 41ms, proxy.ts: 15ms, render: 76ms)
[23:57:13] [FRONTEND]  GET /login?reason=session_expired 200 in 287ms (compile: 61ms, proxy.ts: 15ms, render: 211ms)
[23:57:13] [FRONTEND]  GET /admin 200 in 288ms (compile: 20ms, proxy.ts: 16ms, render: 252ms)
[23:57:13] [FRONTEND]  GET /admin 200 in 278ms (compile: 8ms, proxy.ts: 13ms, render: 258ms)
[23:57:13] [FRONTEND]  GET /login?reason=session_expired 200 in 277ms (compile: 38ms, proxy.ts: 10ms, render: 229ms)
[23:57:13] [FRONTEND]  GET /admin 200 in 275ms (compile: 8ms, proxy.ts: 12ms, render: 255ms)
[23:57:13] [FRONTEND]  GET /login?reason=session_expired 200 in 276ms (compile: 38ms, proxy.ts: 12ms, render: 226ms)
[23:57:13] [FRONTEND]  GET /login?reason=session_expired 200 in 289ms (compile: 37ms, proxy.ts: 16ms, render: 236ms)
[23:57:13] [FRONTEND]  GET /admin 200 in 292ms (compile: 9ms, proxy.ts: 15ms, render: 269ms)
[23:57:13] [FRONTEND]  GET /login?reason=session_expired 200 in 281ms (compile: 6ms, proxy.ts: 15ms, render: 260ms)
[23:57:13] [FRONTEND]  GET /admin 200 in 289ms (compile: 39ms, proxy.ts: 15ms, render: 235ms)
[23:57:13] [FRONTEND]  GET /login?reason=session_expired 200 in 291ms (compile: 10ms, proxy.ts: 15ms, render: 267ms)
[23:57:13] [FRONTEND]  GET /admin 200 in 294ms (compile: 40ms, proxy.ts: 14ms, render: 240ms)
[23:57:13] [FRONTEND]  GET /login?reason=session_expired 200 in 286ms (compile: 9ms, proxy.ts: 15ms, render: 262ms)
[23:57:14] [FRONTEND]  GET /admin 200 in 285ms (compile: 37ms, proxy.ts: 15ms, render: 233ms)
[23:57:14] [FRONTEND]  GET /login?reason=session_expired 200 in 292ms (compile: 11ms, proxy.ts: 13ms, render: 268ms)
[23:57:14] [FRONTEND]  GET /admin 200 in 296ms (compile: 42ms, proxy.ts: 13ms, render: 242ms)
[23:57:14] [FRONTEND]  GET /admin 200 in 288ms (compile: 6ms, proxy.ts: 14ms, render: 268ms)
[23:57:14] [FRONTEND]  GET /login?reason=session_expired 200 in 303ms (compile: 47ms, proxy.ts: 18ms, render: 238ms)
[23:57:14] [FRONTEND]  GET /admin 200 in 323ms (compile: 10ms, proxy.ts: 16ms, render: 297ms)
[23:57:14] [FRONTEND]  GET /login?reason=session_expired 200 in 321ms (compile: 39ms, proxy.ts: 17ms, render: 265ms)
[23:57:14] [FRONTEND]  GET /admin 200 in 312ms (compile: 10ms, proxy.ts: 13ms, render: 289ms)
[23:57:14] [FRONTEND]  GET /login?reason=session_expired 200 in 313ms (compile: 38ms, proxy.ts: 15ms, render: 260ms)
[23:57:14] [FRONTEND]  GET /admin 200 in 316ms (compile: 30ms, proxy.ts: 13ms, render: 273ms)
[23:57:14] [FRONTEND]  GET /login?reason=session_expired 200 in 315ms (compile: 66ms, proxy.ts: 12ms, render: 237ms)
[23:57:14] [FRONTEND]  GET /admin 200 in 286ms (compile: 11ms, proxy.ts: 12ms, render: 263ms)
[23:57:14] [FRONTEND]  GET /login?reason=session_expired 200 in 287ms (compile: 41ms, proxy.ts: 11ms, render: 234ms)
[23:57:14] [FRONTEND]  GET /admin 200 in 371ms (compile: 10ms, proxy.ts: 11ms, render: 350ms)
[23:57:14] [FRONTEND]  GET /login?reason=session_expired 200 in 375ms (compile: 39ms, proxy.ts: 12ms, render: 323ms)
[23:57:14] [FRONTEND]  GET /admin 200 in 294ms (compile: 11ms, proxy.ts: 13ms, render: 270ms)
[23:57:14] [FRONTEND]  GET /login?reason=session_expired 200 in 290ms (compile: 43ms, proxy.ts: 13ms, render: 234ms)
[23:57:14] [FRONTEND]  GET /admin 200 in 211ms (compile: 13ms, proxy.ts: 14ms, render: 184ms)
[23:57:14] [FRONTEND]  GET /login?reason=session_expired 200 in 205ms (compile: 39ms, proxy.ts: 14ms, render: 153ms)
[23:57:15] [FRONTEND]  GET /login?reason=session_expired 200 in 418ms (compile: 160ms, proxy.ts: 21ms, render: 236ms)
[23:57:15] [FRONTEND]  GET /admin 200 in 450ms (compile: 199ms, proxy.ts: 45ms, render: 205ms)
[23:57:15] [FRONTEND]  GET /admin 200 in 267ms (compile: 36ms, proxy.ts: 10ms, render: 221ms)
[23:57:15] [FRONTEND]  GET /login?reason=session_expired 200 in 274ms (compile: 8ms, proxy.ts: 10ms, render: 256ms)
[23:57:15] [FRONTEND]  GET /login?reason=session_expired 200 in 284ms (compile: 7ms, proxy.ts: 12ms, render: 265ms)
[23:57:15] [FRONTEND]  GET /admin 200 in 289ms (compile: 37ms, proxy.ts: 12ms, render: 241ms)
[23:57:15] [FRONTEND]  GET /login?reason=session_expired 200 in 284ms (compile: 9ms, proxy.ts: 18ms, render: 257ms)
[23:57:15] [FRONTEND]  GET /admin 200 in 322ms (compile: 38ms, proxy.ts: 17ms, render: 267ms)
[23:57:15] [FRONTEND]  GET /admin 200 in 241ms (compile: 38ms, proxy.ts: 18ms, render: 184ms)
[23:57:15] [FRONTEND]  GET /login?reason=session_expired 200 in 245ms (compile: 9ms, proxy.ts: 18ms, render: 217ms)
[23:57:15] [FRONTEND]  GET /login?reason=session_expired 200 in 345ms (compile: 8ms, proxy.ts: 14ms, render: 323ms)
[23:57:15] [FRONTEND]  GET /admin 200 in 344ms (compile: 39ms, proxy.ts: 14ms, render: 292ms)
[23:57:15] [FRONTEND]  GET /admin 200 in 470ms (compile: 63ms, proxy.ts: 51ms, render: 356ms)
[23:57:15] [FRONTEND]  GET /login?reason=session_expired 200 in 477ms (compile: 138ms, proxy.ts: 52ms, render: 288ms)
[23:57:15] [FRONTEND]  GET /admin 200 in 319ms (compile: 19ms, proxy.ts: 7ms, render: 293ms)
[23:57:16] [FRONTEND]  GET /login?reason=session_expired 200 in 392ms (compile: 13ms, proxy.ts: 119ms, render: 260ms)
[23:57:16] [FRONTEND]  GET /admin 200 in 283ms (compile: 40ms, proxy.ts: 9ms, render: 234ms)
[23:57:16] [FRONTEND]  GET /login?reason=session_expired 200 in 316ms (compile: 13ms, proxy.ts: 50ms, render: 253ms)
[23:57:16] [FRONTEND]  GET /admin 200 in 288ms (compile: 43ms, proxy.ts: 11ms, render: 234ms)
[23:57:16] [FRONTEND]  GET /login?reason=session_expired 200 in 330ms (compile: 11ms, proxy.ts: 42ms, render: 276ms)
[23:57:16] [FRONTEND]  GET /admin 200 in 304ms (compile: 44ms, proxy.ts: 11ms, render: 249ms)
[23:57:16] [FRONTEND]  GET /login?reason=session_expired 200 in 263ms (compile: 13ms, proxy.ts: 52ms, render: 198ms)
[23:57:16] [FRONTEND]  GET /admin 200 in 213ms (compile: 40ms, proxy.ts: 9ms, render: 165ms)
[23:57:16] [FRONTEND]  GET /login?reason=session_expired 200 in 260ms (compile: 18ms, proxy.ts: 48ms, render: 194ms)
[23:57:16] [FRONTEND]  GET /admin 200 in 232ms (compile: 44ms, proxy.ts: 19ms, render: 169ms)
[23:57:16] [FRONTEND]  GET /admin 200 in 137ms (compile: 17ms, proxy.ts: 12ms, render: 107ms)
[23:57:16] [FRONTEND]  GET /login?reason=session_expired 200 in 186ms (compile: 61ms, proxy.ts: 52ms, render: 73ms)
[23:57:16] [FRONTEND]  GET /admin 200 in 182ms (compile: 72ms, proxy.ts: 18ms, render: 92ms)
[23:57:16] [FRONTEND]  GET /login?reason=session_expired 200 in 180ms (compile: 25ms, proxy.ts: 17ms, render: 138ms)
[23:57:16] [FRONTEND]  GET /login?reason=session_expired 200 in 285ms (compile: 102ms, proxy.ts: 12ms, render: 171ms)
[23:57:16] [FRONTEND]  GET /admin 200 in 283ms (compile: 49ms, proxy.ts: 13ms, render: 222ms)
[23:57:17] [FRONTEND]  GET /admin 200 in 346ms (compile: 15ms, proxy.ts: 11ms, render: 321ms)
[23:57:17] [FRONTEND]  GET /admin 200 in 288ms (compile: 60ms, proxy.ts: 19ms, render: 209ms)
[23:57:17] [FRONTEND]  GET /login?reason=session_expired 200 in 301ms (compile: 26ms, proxy.ts: 24ms, render: 251ms)
[23:57:17] [FRONTEND]  GET /admin 200 in 249ms (compile: 7ms, proxy.ts: 17ms, render: 225ms)
[23:57:17] [FRONTEND]  GET /login?reason=session_expired 200 in 328ms (compile: 50ms, proxy.ts: 18ms, render: 260ms)
[23:57:17] [FRONTEND]  GET /login?reason=session_expired 200 in 330ms (compile: 16ms, proxy.ts: 17ms, render: 298ms)
[23:57:17] [FRONTEND]  GET /admin 200 in 348ms (compile: 56ms, proxy.ts: 28ms, render: 264ms)
[23:57:17] [FRONTEND]  GET /login?reason=session_expired 200 in 339ms (compile: 10ms, proxy.ts: 12ms, render: 317ms)
[23:57:17] [FRONTEND]  GET /admin 200 in 343ms (compile: 42ms, proxy.ts: 12ms, render: 289ms)
[23:57:17] [FRONTEND]  GET /login?reason=session_expired 200 in 347ms (compile: 10ms, proxy.ts: 11ms, render: 325ms)
[23:57:17] [FRONTEND]  GET /admin 200 in 346ms (compile: 54ms, proxy.ts: 12ms, render: 281ms)
[23:57:17] [FRONTEND]  GET /login?reason=session_expired 200 in 333ms (compile: 10ms, proxy.ts: 19ms, render: 304ms)
[23:57:17] [FRONTEND]  GET /admin 200 in 333ms (compile: 44ms, proxy.ts: 19ms, render: 270ms)
[23:57:17] [FRONTEND]  GET /login?reason=session_expired 200 in 316ms (compile: 15ms, proxy.ts: 14ms, render: 287ms)
[23:57:17] [FRONTEND]  GET /admin 200 in 318ms (compile: 51ms, proxy.ts: 18ms, render: 249ms)
[23:57:17] [FRONTEND]  GET /admin 200 in 300ms (compile: 39ms, proxy.ts: 12ms, render: 249ms)
[23:57:17] [FRONTEND]  GET /login?reason=session_expired 200 in 304ms (compile: 9ms, proxy.ts: 13ms, render: 281ms)
[23:57:18] [FRONTEND]  GET /login?reason=session_expired 200 in 303ms (compile: 11ms, proxy.ts: 11ms, render: 281ms)
[23:57:18] [FRONTEND]  GET /admin 200 in 303ms (compile: 38ms, proxy.ts: 15ms, render: 251ms)
[23:57:18] [FRONTEND]  GET /login?reason=session_expired 200 in 289ms (compile: 9ms, proxy.ts: 14ms, render: 266ms)
[23:57:18] [FRONTEND]  GET /admin 200 in 287ms (compile: 39ms, proxy.ts: 12ms, render: 235ms)
[23:57:18] [FRONTEND]  GET /login?reason=session_expired 200 in 208ms (compile: 10ms, proxy.ts: 14ms, render: 183ms)
[23:57:18] [FRONTEND]  GET /admin 200 in 208ms (compile: 43ms, proxy.ts: 14ms, render: 150ms)
[23:57:18] [FRONTEND]  GET /login?reason=session_expired 200 in 283ms (compile: 47ms, proxy.ts: 11ms, render: 224ms)
[23:57:18] [FRONTEND]  GET /admin 200 in 282ms (compile: 14ms, proxy.ts: 11ms, render: 257ms)
[23:57:18] [FRONTEND]  GET /admin 200 in 277ms (compile: 11ms, proxy.ts: 11ms, render: 254ms)
[23:57:18] [FRONTEND]  GET /login?reason=session_expired 200 in 275ms (compile: 46ms, proxy.ts: 10ms, render: 219ms)
[23:57:18] [FRONTEND]  GET /admin 200 in 280ms (compile: 8ms, proxy.ts: 11ms, render: 261ms)
[23:57:18] [FRONTEND]  GET /login?reason=session_expired 200 in 281ms (compile: 36ms, proxy.ts: 11ms, render: 234ms)
[23:57:18] [FRONTEND]  GET /admin 200 in 285ms (compile: 11ms, proxy.ts: 14ms, render: 261ms)
[23:57:18] [FRONTEND]  GET /login?reason=session_expired 200 in 287ms (compile: 41ms, proxy.ts: 13ms, render: 233ms)
[23:57:18] [FRONTEND]  GET /admin 200 in 293ms (compile: 7ms, proxy.ts: 14ms, render: 272ms)
[23:57:18] [FRONTEND]  GET /login?reason=session_expired 200 in 295ms (compile: 37ms, proxy.ts: 13ms, render: 244ms)
[23:57:18] [FRONTEND]  GET /admin 200 in 292ms (compile: 7ms, proxy.ts: 14ms, render: 271ms)
[23:57:18] [FRONTEND]  GET /login?reason=session_expired 200 in 294ms (compile: 38ms, proxy.ts: 14ms, render: 242ms)
[23:57:18] [FRONTEND]  GET /admin 200 in 242ms (compile: 9ms, proxy.ts: 18ms, render: 215ms)
[23:57:18] [FRONTEND]  GET /login?reason=session_expired 200 in 238ms (compile: 39ms, proxy.ts: 14ms, render: 184ms)
[23:57:18] [FRONTEND]  GET /admin 200 in 237ms (compile: 11ms, proxy.ts: 13ms, render: 214ms)
[23:57:18] [FRONTEND]  GET /login?reason=session_expired 200 in 236ms (compile: 40ms, proxy.ts: 13ms, render: 183ms)
[23:57:19] [FRONTEND]  GET /admin 200 in 279ms (compile: 77ms, proxy.ts: 12ms, render: 190ms)
[23:57:19] [FRONTEND]  GET /login?reason=session_expired 200 in 281ms (compile: 41ms, proxy.ts: 13ms, render: 228ms)
[23:57:19] [FRONTEND]  GET /login?reason=session_expired 200 in 213ms (compile: 11ms, proxy.ts: 12ms, render: 190ms)
[23:57:19] [FRONTEND]  GET /admin 200 in 221ms (compile: 48ms, proxy.ts: 11ms, render: 161ms)
[23:57:19] [FRONTEND]  GET /admin 200 in 172ms (compile: 6ms, proxy.ts: 8ms, render: 158ms)
[23:57:19] [FRONTEND]  GET /admin 200 in 171ms (compile: 5ms, proxy.ts: 12ms, render: 154ms)
[23:57:19] [FRONTEND]  GET /admin 200 in 152ms (compile: 6ms, proxy.ts: 16ms, render: 129ms)
[23:57:19] [FRONTEND]  GET /admin 200 in 112ms (compile: 6ms, proxy.ts: 10ms, render: 96ms)
[23:57:19] [FRONTEND]  GET /admin 200 in 113ms (compile: 6ms, proxy.ts: 7ms, render: 100ms)
[23:57:19] [FRONTEND]  GET /admin 200 in 112ms (compile: 11ms, proxy.ts: 8ms, render: 92ms)
[23:57:19] [FRONTEND]  GET /admin 200 in 91ms (compile: 9ms, proxy.ts: 7ms, render: 75ms)
[23:57:19] [FRONTEND]  GET /admin 200 in 45ms (compile: 6ms, proxy.ts: 6ms, render: 33ms)
[23:57:19] [FRONTEND]  GET /api/platform/settings 200 in 112ms (compile: 53ms, render: 59ms)
[23:57:39] [FRONTEND]  GET /api/platform/settings 200 in 78ms (compile: 9ms, render: 69ms)
[23:57:40] [FRONTEND]  GET /api/users/me 200 in 127ms (compile: 8ms, render: 119ms)
[23:58:06] [FRONTEND]  GET /api/auth/csrf-token 200 in 28ms (compile: 11ms, render: 16ms)
[23:58:06] [FRONTEND]  POST /api/auth/check-email 200 in 265ms (compile: 3ms, render: 262ms)
[23:58:09] [FRONTEND]  POST /api/auth/token 200 in 453ms (compile: 47ms, render: 406ms)
[23:58:10] [FRONTEND]  GET /hospital 200 in 244ms (compile: 188ms, proxy.ts: 9ms, render: 48ms)
[23:58:10] [FRONTEND]  GET /api/users/me 200 in 550ms (compile: 11ms, render: 539ms)
[23:58:10] [FRONTEND]  GET /api/platform/settings 200 in 167ms (compile: 3ms, render: 164ms)
[23:58:11] [FRONTEND]  GET /api/users/me 200 in 347ms (compile: 3ms, render: 344ms)
[23:58:11] [FRONTEND]  GET /api/platform/settings 200 in 144ms (compile: 3ms, render: 142ms)
[23:58:11] [FRONTEND]  GET /api/stats/dashboard 200 in 676ms (compile: 10ms, render: 666ms)
[23:58:11] [FRONTEND]  GET /api/stats/dashboard 200 in 409ms (compile: 10ms, render: 399ms)
[23:58:13] [FRONTEND]  GET /records 200 in 344ms (compile: 214ms, proxy.ts: 8ms, render: 122ms)
[23:58:14] [FRONTEND]  GET /api/users/me 200 in 160ms (compile: 88ms, render: 72ms)
[23:58:15] [FRONTEND]  GET /api/users/me 200 in 867ms (compile: 22ms, render: 846ms)
[23:58:15] [FRONTEND]  GET /api/patients/doctors 200 in 834ms (compile: 11ms, render: 822ms)
[23:58:15] [FRONTEND]  GET /api/patients/?start_date=2026-03-01&end_date=2026-05-31& 200 in 880ms (compile: 3ms, render: 877ms)
[23:58:15] [FRONTEND]  GET /api/patients/?start_date=2026-03-01&end_date=2026-05-31& 200 in 469ms (compile: 3ms, render: 466ms)
[23:58:16] [FRONTEND]  GET /api/patients/?start_date=2026-03-01&end_date=2026-05-31& 200 in 329ms (compile: 20ms, render: 309ms)
[23:58:17] [FRONTEND]  GET /hospital/patients 200 in 1270ms (compile: 1208ms, proxy.ts: 14ms, render: 48ms)
[23:58:18] [FRONTEND]  GET /api/patients/?page=1&page_size=50&hospital_id=1 200 in 414ms (compile: 31ms, render: 383ms)
[23:58:18] [FRONTEND]  GET /api/patients/?page=1&page_size=50&hospital_id=1 200 in 455ms (compile: 7ms, render: 448ms)
[23:58:19] [FRONTEND]  GET /api/patients/?page=1&page_size=50&hospital_id=1 200 in 390ms (compile: 16ms, render: 373ms)
[23:58:21] [FRONTEND]  GET /hospital/records 200 in 39ms (compile: 4ms, proxy.ts: 8ms, render: 26ms)
[23:58:22] [FRONTEND]  GET /api/users/me 200 in 367ms (compile: 11ms, render: 356ms)
[23:58:22] [FRONTEND]  GET /api/users/me 200 in 216ms (compile: 3ms, render: 213ms)
[23:58:22] [FRONTEND]  GET /api/patients/doctors 200 in 231ms (compile: 3ms, render: 228ms)
[23:58:22] [FRONTEND]  GET /api/patients/?start_date=2026-03-01&end_date=2026-05-31& 200 in 350ms (compile: 3ms, render: 347ms)
[23:58:22] [FRONTEND]  GET /api/patients/?start_date=2026-03-01&end_date=2026-05-31& 200 in 269ms (compile: 3ms, render: 267ms)
[23:58:23] [FRONTEND]  GET /api/patients/?start_date=2026-03-01&end_date=2026-05-31& 200 in 182ms (compile: 3ms, render: 179ms)
[23:58:23] [FRONTEND]  GET /hospital/patients 200 in 40ms (compile: 5ms, proxy.ts: 7ms, render: 28ms)
[23:58:24] [FRONTEND]  GET /api/patients/?page=1&page_size=50&hospital_id=1 200 in 361ms (compile: 12ms, render: 348ms)
[23:58:24] [FRONTEND]  GET /api/patients/?page=1&page_size=50&hospital_id=1 200 in 752ms (compile: 2ms, render: 750ms)
[23:58:25] [FRONTEND]  GET /api/patients/?page=1&page_size=50&hospital_id=1 200 in 885ms (compile: 63ms, render: 823ms)
[23:58:26] [FRONTEND] ✓ Compiled in 1205ms
[23:58:28] [FRONTEND]  GET /api/users/me 200 in 86ms (compile: 8ms, render: 78ms)
[23:58:40] [FRONTEND]  GET /api/platform/settings 200 in 61ms (compile: 8ms, render: 53ms)
[23:58:41] [FRONTEND]  GET /api/platform/settings 200 in 107ms (compile: 9ms, render: 99ms)
[23:59:10] [FRONTEND]  GET /api/platform/settings 200 in 62ms (compile: 12ms, render: 51ms)
[23:59:39] [FRONTEND]  GET /api/platform/settings 200 in 78ms (compile: 10ms, render: 68ms)
[23:59:41] [FRONTEND]  GET /api/platform/settings 200 in 119ms (compile: 9ms, render: 110ms)
[00:00:10] [FRONTEND]  GET /api/platform/settings 200 in 59ms (compile: 11ms, render: 48ms)
[00:00:40] [FRONTEND]  GET /api/platform/settings 200 in 62ms (compile: 8ms, render: 54ms)
[00:00:41] [FRONTEND]  GET /api/platform/settings 200 in 89ms (compile: 3ms, render: 87ms)
[00:01:10] [FRONTEND]  GET /api/platform/settings 200 in 62ms (compile: 9ms, render: 53ms)
[00:01:22] [FRONTEND] ✓ Compiled in 912ms
[00:01:38] [FRONTEND]  GET /api/patients/?hospital_id=1&q=rahu& 200 in 116ms (compile: 8ms, render: 108ms)
[00:01:40] [FRONTEND]  GET /api/platform/settings 200 in 153ms (compile: 5ms, render: 148ms)
[00:01:40] [FRONTEND]  GET /api/patients/?hospital_id=1&q=rahul& 200 in 270ms (compile: 8ms, render: 261ms)
[00:01:41] [FRONTEND]  GET /api/platform/settings 200 in 251ms (compile: 4ms, render: 247ms)
[00:01:44] [FRONTEND]  GET /api/patients/?hospital_id=1&q=rahu& 200 in 111ms (compile: 11ms, render: 100ms)
[00:01:45] [FRONTEND]  GET /api/patients/?hospital_id=1&q=b& 200 in 208ms (compile: 11ms, render: 197ms)
[00:01:46] [FRONTEND]  GET /api/patients/?hospital_id=1&q=bina& 200 in 157ms (compile: 14ms, render: 143ms)
[00:01:49] [FRONTEND]  GET /api/patients/?hospital_id=1&q=bin& 200 in 111ms (compile: 9ms, render: 102ms)
[00:01:50] [FRONTEND]  GET /api/patients/?hospital_id=1& 200 in 397ms (compile: 3ms, render: 394ms)
[00:01:51] [FRONTEND]  GET /api/patients/?hospital_id=1&q=co& 200 in 148ms (compile: 15ms, render: 133ms)
[00:01:53] [FRONTEND]  GET /api/patients/?hospital_id=1&q=chota& 200 in 77ms (compile: 8ms, render: 69ms)
[00:01:54] [FRONTEND]  GET /api/patients/?hospital_id=1&q=chotai& 200 in 97ms (compile: 3ms, render: 95ms)
[00:01:55] [FRONTEND]  GET /api/patients/?hospital_id=1& 200 in 209ms (compile: 8ms, render: 200ms)
[00:01:58] [FRONTEND]  GET /api/patients/?hospital_id=1&q=prih& 200 in 81ms (compile: 8ms, render: 73ms)
[00:01:59] [FRONTEND]  GET /api/patients/?hospital_id=1&q=pri& 200 in 127ms (compile: 3ms, render: 125ms)
[00:02:02] [FRONTEND]  GET /api/patients/?hospital_id=1&q=prisha& 200 in 76ms (compile: 9ms, render: 67ms)
[00:02:03] [FRONTEND]  GET /api/patients/?hospital_id=1&q=prish& 200 in 102ms (compile: 9ms, render: 93ms)
[00:02:05] [FRONTEND]  GET /api/patients/?hospital_id=1& 200 in 276ms (compile: 8ms, render: 268ms)
[00:02:07] [FRONTEND]  GET /api/patients/?hospital_id=1&q=mon& 200 in 131ms (compile: 11ms, render: 120ms)
[00:02:10] [FRONTEND]  GET /api/platform/settings 200 in 79ms (compile: 8ms, render: 71ms)
[00:02:14] [FRONTEND]  GET /hospital/patients/549 200 in 2.0s (compile: 1963ms, proxy.ts: 8ms, render: 41ms)
[00:02:14] [FRONTEND]  GET /api/patients/549 200 in 683ms (compile: 8ms, render: 675ms)
[00:02:15] [FRONTEND]  GET /api/patients/549 200 in 553ms (compile: 4ms, render: 550ms)
[00:02:19] [FRONTEND]  GET /api/users/me 200 in 273ms (compile: 8ms, render: 265ms)
[00:02:40] [FRONTEND]  GET /api/platform/settings 200 in 68ms (compile: 10ms, render: 59ms)
[00:02:41] [FRONTEND]  GET /api/users/me 200 in 208ms (compile: 3ms, render: 205ms)
[00:02:41] [FRONTEND]  GET /api/platform/settings 200 in 150ms (compile: 11ms, render: 140ms)
[00:03:10] [FRONTEND]  GET /api/platform/settings 200 in 83ms (compile: 9ms, render: 75ms)
[00:03:40] [FRONTEND]  GET /api/platform/settings 200 in 243ms (compile: 8ms, render: 235ms)
[00:03:41] [FRONTEND]  GET /api/platform/settings 200 in 313ms (compile: 8ms, render: 305ms)
[00:04:11] [FRONTEND]  GET /api/platform/settings 200 in 198ms (compile: 10ms, render: 188ms)
[00:04:16] [FRONTEND] ✓ Compiled in 852ms
[00:04:17] [FRONTEND]  GET /api/patients/549 200 in 885ms (compile: 10ms, render: 875ms)
[00:04:38] [FRONTEND]  GET /hospital/patients 200 in 249ms (compile: 190ms, proxy.ts: 8ms, render: 52ms)
[00:04:38] [FRONTEND]  GET /api/patients/?hospital_id=1& 200 in 268ms (compile: 11ms, render: 257ms)
[00:04:38] [FRONTEND]  GET /api/patients/?hospital_id=1& 200 in 307ms (compile: 6ms, render: 301ms)
[00:04:39] [FRONTEND]  GET /api/patients/?hospital_id=1& 200 in 293ms (compile: 4ms, render: 289ms)
[00:04:40] [FRONTEND]  GET /api/platform/settings 200 in 65ms (compile: 9ms, render: 56ms)
[00:04:40] [FRONTEND]  GET /api/platform/settings 200 in 94ms (compile: 3ms, render: 91ms)
[00:04:41] [FRONTEND]  GET /api/patients/?hospital_id=1&q=ma& 200 in 418ms (compile: 9ms, render: 410ms)
[00:04:43] [FRONTEND]  GET /api/patients/?hospital_id=1&q=monali& 200 in 126ms (compile: 9ms, render: 116ms)
[00:04:43] [FRONTEND]  GET /api/users/me 200 in 139ms (compile: 3ms, render: 136ms)
[00:04:46] [FRONTEND]  GET /hospital/patients/809 200 in 287ms (compile: 180ms, proxy.ts: 6ms, render: 100ms)
[00:04:47] [FRONTEND]  GET /api/patients/809 200 in 753ms (compile: 10ms, render: 743ms)
[00:04:47] [FRONTEND]  GET /api/patients/809 200 in 568ms (compile: 3ms, render: 565ms)
[00:04:51] [FRONTEND]  GET /api/users/me 200 in 87ms (compile: 8ms, render: 79ms)
[00:04:52] [FRONTEND]  GET /hospital/patients 200 in 38ms (compile: 6ms, proxy.ts: 7ms, render: 25ms)
[00:04:53] [FRONTEND]  GET /api/patients/?hospital_id=1& 200 in 239ms (compile: 10ms, render: 229ms)
[00:04:53] [FRONTEND]  GET /api/patients/?hospital_id=1& 200 in 575ms (compile: 11ms, render: 564ms)
[00:04:54] [FRONTEND]  GET /api/patients/?hospital_id=1& 200 in 380ms (compile: 6ms, render: 374ms)
[00:04:55] [FRONTEND]  GET /api/patients/?hospital_id=1&q=amol& 200 in 108ms (compile: 10ms, render: 99ms)
[00:04:57] [FRONTEND]  GET /hospital/patients/549 200 in 62ms (compile: 18ms, proxy.ts: 9ms, render: 34ms)
[00:04:57] [FRONTEND]  GET /api/patients/549 200 in 723ms (compile: 10ms, render: 713ms)
[00:04:58] [FRONTEND]  GET /api/patients/549 200 in 763ms (compile: 17ms, render: 746ms)
[00:05:02] [FRONTEND]  GET /api/users/me 200 in 87ms (compile: 8ms, render: 79ms)
[00:05:03] [FRONTEND]  GET /hospital/patients 200 in 45ms (compile: 7ms, proxy.ts: 8ms, render: 29ms)
[00:05:03] [FRONTEND]  GET /api/patients/?hospital_id=1& 200 in 254ms (compile: 7ms, render: 246ms)
[00:05:03] [FRONTEND]  GET /api/patients/?hospital_id=1& 200 in 412ms (compile: 10ms, render: 402ms)
[00:05:04] [FRONTEND]  GET /api/patients/?hospital_id=1& 200 in 288ms (compile: 6ms, render: 282ms)
[00:05:08] [FRONTEND]  GET /api/users/me 200 in 85ms (compile: 9ms, render: 77ms)
[00:05:09] [FRONTEND]  GET /api/patients/?hospital_id=1&q=rahul& 200 in 156ms (compile: 9ms, render: 146ms)
[00:05:10] [FRONTEND]  GET /api/platform/settings 200 in 80ms (compile: 13ms, render: 67ms)
